id,title,description,difficulty_level,created_at,updated_at,examples,constraints,test_cases
20,Minimum Cost to Reach Last Cell,"Given a 2D array cost where cost[i][j] denotes the cost of cell (i, j), find the minimum cost to reach the last cell (m-1, n-1) from the first cell (0, 0). You can only move down or right.",Hard,2025-03-16T09:55:40.671977+00:00,2025-03-16T09:55:40.671977+00:00,"[{""input"": {""cost"": [[1, 3, 5, 8], [4, 2, 1, 7], [4, 3, 2, 3]]}, ""output"": 8}, {""input"": {""cost"": [[1, 2, 3], [4, 8, 2], [1, 5, 3]]}, ""output"": 8}]","[""1 \u2264 cost[i][j] \u2264 100"", ""1 \u2264 m, n \u2264 100""]","[{""input"": {""cost"": [[1]]}, ""expected_output"": 1}, {""input"": {""cost"": [[1, 3, 5, 8], [4, 2, 1, 7], [4, 3, 2, 3]]}, ""expected_output"": 8}, {""input"": {""cost"": [[1, 2, 3], [4, 8, 2], [1, 5, 3]]}, ""expected_output"": 8}, {""input"": {""cost"": [[5, 1], [4, 6]]}, ""expected_output"": 10}, {""input"": {""cost"": [[10, 5, 2], [1, 1, 1]]}, ""expected_output"": 8}]"
22,Search Insert Position,"Given a sorted array of distinct integers and a target value, return the index if the target is found. If not, return the index where it would be if it were inserted in order. Return -1 if the array is empty.",Medium,2025-03-16T09:56:10.755807+00:00,2025-03-16T09:56:10.755807+00:00,"[{""input"": {""nums"": [1, 3, 5, 6], ""target"": 5}, ""output"": 2}, {""input"": {""nums"": [1, 3, 5, 6], ""target"": 2}, ""output"": 1}]","[""-10^4 <= target <= 10^4"", ""nums contains distinct values sorted in ascending order"", ""-10^4 <= nums[i] <= 10^4"", ""1 <= nums.length <= 10^4""]","[{""input"": {""nums"": [1, 3, 5, 6], ""target"": 5}, ""expected_output"": 2}, {""input"": {""nums"": [1, 3, 5, 6], ""target"": 2}, ""expected_output"": 1}, {""input"": {""nums"": [1, 3, 5, 6], ""target"": 7}, ""expected_output"": 4}, {""input"": {""nums"": [1, 3, 5, 6], ""target"": 0}, ""expected_output"": 0}, {""input"": {""nums"": [1], ""target"": 0}, ""expected_output"": 0}]"
27,Minimum Window Substring with k Distinct Characters,"Given a string `s` and an integer `k`, find the length of the smallest substring of `s` that contains exactly `k` distinct characters. If no such substring exists, return -1.",Hard,2025-03-16T09:58:01.383980+00:00,2025-03-16T09:58:01.383980+00:00,"[{""input"": {""k"": 2, ""s"": ""eceba""}, ""output"": 3}, {""input"": {""k"": 1, ""s"": ""aa""}, ""output"": 2}]","[""`s` consists of lowercase English letters."", ""1 <= k <= 26"", ""1 <= s.length <= 10^5""]","[{""input"": {""k"": 2, ""s"": ""eceba""}, ""expected_output"": 3}, {""input"": {""k"": 1, ""s"": ""aa""}, ""expected_output"": 2}, {""input"": {""k"": 2, ""s"": ""abaccc""}, ""expected_output"": 4}, {""input"": {""k"": 3, ""s"": ""aabbcc""}, ""expected_output"": 6}, {""input"": {""k"": 4, ""s"": ""aabbcc""}, ""expected_output"": -1}]"
32,Find First Bad Version,"You are a product manager and currently leading a team to develop a new product. Unfortunately, the latest version of your product fails the quality check. Since each version is developed based on the previous one, all versions after a bad version are also bad.

Suppose you have n versions [1, 2, ..., n] and you want to find out the first bad one, which causes all the following ones to be bad.

You are given an API bool isBadVersion(version) which returns whether version is bad. Implement a function to find the first bad version. You should minimize the number of calls to the API.",Medium,2025-03-16T10:00:18.597123+00:00,2025-03-16T10:00:18.597123+00:00,"[{""input"": {""n"": 5, ""bad"": 4}, ""output"": 4}, {""input"": {""n"": 1, ""bad"": 1}, ""output"": 1}]","[""1 <= bad <= n"", ""1 <= n <= 2^31 - 1""]","[{""input"": {""n"": 5, ""bad"": 4}, ""expected_output"": 4}, {""input"": {""n"": 1, ""bad"": 1}, ""expected_output"": 1}, {""input"": {""n"": 10, ""bad"": 6}, ""expected_output"": 6}, {""input"": {""n"": 20, ""bad"": 15}, ""expected_output"": 15}, {""input"": {""n"": 100, ""bad"": 1}, ""expected_output"": 1}]"
37,Same Level Leaf Sum,"Given a binary tree, determine if the sum of leaf nodes at each level is the same. Return 1 if it is, and 0 otherwise.",Medium,2025-03-16T10:02:53.530048+00:00,2025-03-16T10:02:53.530048+00:00,"[{""input"": {""root"": {""val"": 1, ""left"": {""val"": 2, ""left"": null, ""right"": null}, ""right"": {""val"": 3, ""left"": null, ""right"": null}}}, ""output"": 1}, {""input"": {""root"": {""val"": 1, ""left"": {""val"": 2, ""left"": {""val"": 4, ""left"": null, ""right"": null}, ""right"": null}, ""right"": {""val"": 3, ""left"": null, ""right"": {""val"": 5, ""left"": null, ""right"": null}}}}, ""output"": 0}]","[""0 \u2264 Node.val \u2264 1000"", ""1 \u2264 Number of nodes in the tree \u2264 1000""]","[{""input"": {""root"": {""val"": 1, ""left"": {""val"": 2, ""left"": null, ""right"": null}, ""right"": {""val"": 3, ""left"": null, ""right"": null}}}, ""expected_output"": 1}, {""input"": {""root"": {""val"": 1, ""left"": {""val"": 2, ""left"": {""val"": 4, ""left"": null, ""right"": null}, ""right"": null}, ""right"": {""val"": 3, ""left"": null, ""right"": {""val"": 5, ""left"": null, ""right"": null}}}}, ""expected_output"": 0}, {""input"": {""root"": {""val"": 1, ""left"": {""val"": 2, ""left"": {""val"": 4, ""left"": null, ""right"": null}, ""right"": {""val"": 5, ""left"": null, ""right"": null}}, ""right"": {""val"": 3, ""left"": null, ""right"": {""val"": 6, ""left"": null, ""right"": null}}}}, ""expected_output"": 1}, {""input"": {""root"": {""val"": 1, ""left"": null, ""right"": null}}, ""expected_output"": 1}, {""input"": {""root"": {""val"": 1, ""left"": {""val"": 2, ""left"": null, ""right"": null}, ""right"": {""val"": 3, ""left"": {""val"": 4, ""left"": null, ""right"": null}, ""right"": null}}}, ""expected_output"": 0}]"
43,Find First Occurrence,"Given a sorted array of integers `nums` and a target integer `target`, find the index of the first occurrence of the target in the array. If the target is not found, return -1.",Medium,2025-03-16T10:05:02.966146+00:00,2025-03-16T10:05:02.966146+00:00,"[{""input"": {""nums"": [2, 5, 7, 7, 7, 8, 8, 10], ""target"": 7}, ""output"": 2}, {""input"": {""nums"": [2, 5, 7, 7, 7, 8, 8, 10], ""target"": 6}, ""output"": -1}]","[""nums is sorted in non-decreasing order."", ""-10^9 <= nums[i] <= 10^9"", ""1 <= nums.length <= 10^5""]","[{""input"": {""nums"": [2, 5, 7, 7, 7, 8, 8, 10], ""target"": 7}, ""expected_output"": 2}, {""input"": {""nums"": [2, 5, 7, 7, 7, 8, 8, 10], ""target"": 6}, ""expected_output"": -1}, {""input"": {""nums"": [1, 2, 3, 4, 5], ""target"": 1}, ""expected_output"": 0}, {""input"": {""nums"": [1, 2, 3, 4, 5], ""target"": 5}, ""expected_output"": 4}, {""input"": {""nums"": [1, 1, 1, 1, 1], ""target"": 1}, ""expected_output"": 0}]"
44,Check if a value exists in a Binary Tree (Preorder Traversal),"Given the root of a binary tree and an integer target, return 1 if the target value exists in the tree, otherwise return 0. Implement this check using a preorder traversal.",Easy,2025-03-16T10:05:36.456486+00:00,2025-03-16T10:05:36.456486+00:00,"[{""input"": {""root"": {""val"": 1, ""left"": {""val"": 2, ""left"": null, ""right"": null}, ""right"": {""val"": 3, ""left"": null, ""right"": null}}, ""target"": 2}, ""output"": 1}, {""input"": {""root"": {""val"": 1, ""left"": {""val"": 2, ""left"": null, ""right"": null}, ""right"": {""val"": 3, ""left"": null, ""right"": null}}, ""target"": 4}, ""output"": 0}]","[""-100 <= target <= 100"", ""-100 <= Node.val <= 100"", ""The number of nodes in the tree is in the range [0, 100].""]","[{""input"": {""root"": {""val"": 1, ""left"": {""val"": 2, ""left"": null, ""right"": null}, ""right"": {""val"": 3, ""left"": null, ""right"": null}}, ""target"": 2}, ""expected_output"": 1}, {""input"": {""root"": {""val"": 1, ""left"": {""val"": 2, ""left"": null, ""right"": null}, ""right"": {""val"": 3, ""left"": null, ""right"": null}}, ""target"": 4}, ""expected_output"": 0}, {""input"": {""root"": {""val"": 5, ""left"": null, ""right"": null}, ""target"": 5}, ""expected_output"": 1}, {""input"": {""root"": null, ""target"": 10}, ""expected_output"": 0}, {""input"": {""root"": {""val"": -1, ""left"": {""val"": 0, ""left"": null, ""right"": null}, ""right"": null}, ""target"": 0}, ""expected_output"": 1}]"
53,Search in Sorted Array,"Given a sorted array of integers `nums` and an integer `target`, return 1 if the target exists in the array, otherwise return 0.",Easy,2025-03-16T10:10:33.701796+00:00,2025-03-16T10:10:33.701796+00:00,"[{""input"": {""nums"": [2, 5, 7, 8, 11, 12], ""target"": 13}, ""output"": 0}, {""input"": {""nums"": [-1, 0, 3, 5, 9, 12], ""target"": 9}, ""output"": 1}]","[""nums is sorted in ascending order."", ""All the integers in nums are unique."", ""-10^4 <= nums[i], target <= 10^4"", ""1 <= nums.length <= 10^4""]","[{""input"": {""nums"": [-1, 0, 3, 5, 9, 12], ""target"": 9}, ""expected_output"": 1}, {""input"": {""nums"": [-1, 0, 3, 5, 9, 12], ""target"": 2}, ""expected_output"": 0}, {""input"": {""nums"": [5], ""target"": 5}, ""expected_output"": 1}, {""input"": {""nums"": [2, 5], ""target"": 5}, ""expected_output"": 1}, {""input"": {""nums"": [2, 5], ""target"": 2}, ""expected_output"": 1}]"
60,Longest Palindromic Subsequence with Wildcards,"Given a string `s` that may contain lowercase English letters and wildcard characters ('?'), find the length of the longest palindromic subsequence that can be formed by replacing the wildcard characters with appropriate letters. If no palindromic subsequence can be formed, return 0.",Hard,2025-03-16T10:14:04.458259+00:00,2025-03-16T10:14:04.458259+00:00,"[{""input"": {""s"": ""aba?ca""}, ""output"": 6}, {""input"": {""s"": ""???a""}, ""output"": 4}]","[""s consists of lowercase English letters and '?'"", ""1 <= s.length <= 1000""]","[{""input"": {""s"": ""aba?ca""}, ""expected_output"": 6}, {""input"": {""s"": ""???a""}, ""expected_output"": 4}, {""input"": {""s"": ""abc""}, ""expected_output"": 1}, {""input"": {""s"": ""???""}, ""expected_output"": 3}, {""input"": {""s"": ""a?b?c""}, ""expected_output"": 3}, {""input"": {""s"": ""a""}, ""expected_output"": 1}, {""input"": {""s"": ""?""}, ""expected_output"": 1}]"
61,Minimum Window Substring with Wildcards,"Given a string `s` and a pattern string `p` containing lowercase English letters and the wildcard character `*`, find the length of the smallest substring of `s` that matches the pattern `p`. The wildcard character `*` can match any sequence of zero or more characters. If no such substring exists, return -1.",Hard,2025-03-16T10:14:50.175357+00:00,2025-03-16T10:14:50.175357+00:00,"[{""input"": {""p"": ""a*c"", ""s"": ""adobecodebanc""}, ""output"": 5}, {""input"": {""p"": ""a*e"", ""s"": ""abcde""}, ""output"": 5}]","[""s and p consist of lowercase English letters and '*'."", ""1 <= s.length, p.length <= 10^5""]","[{""input"": {""p"": ""abc*"", ""s"": ""abcabcbb""}, ""expected_output"": 3}, {""input"": {""p"": ""b*c"", ""s"": ""aaaaaaaaaaaabbbbbcdddddddddddaaaaaaaaaaaaa""}, ""expected_output"": 6}, {""input"": {""p"": ""a*c"", ""s"": ""adobecodebanc""}, ""expected_output"": 5}, {""input"": {""p"": ""a*e"", ""s"": ""abcde""}, ""expected_output"": 5}, {""input"": {""p"": ""cc"", ""s"": ""abab""}, ""expected_output"": -1}]"
64,Substring Pattern Matching,"Given a string `text` and a string `pattern`, determine if the `pattern` occurs in the `text` such that the characters in the `pattern` are in the same order in the `text`, but not necessarily consecutively. Return 1 if the pattern is a subsequence of the text, and 0 otherwise.",Medium,2025-03-16T10:16:49.174038+00:00,2025-03-16T10:16:49.174038+00:00,"[{""input"": {""text"": ""abbcabc"", ""pattern"": ""abc""}, ""output"": 1}, {""input"": {""text"": ""axc"", ""pattern"": ""abc""}, ""output"": 0}]","[""text and pattern consist of lowercase English letters."", ""1 <= pattern.length <= 10^5"", ""1 <= text.length <= 10^5""]","[{""input"": {""text"": ""abbcabc"", ""pattern"": ""abc""}, ""expected_output"": 1}, {""input"": {""text"": ""axc"", ""pattern"": ""abc""}, ""expected_output"": 0}, {""input"": {""text"": ""abcabc"", ""pattern"": ""abc""}, ""expected_output"": 1}, {""input"": {""text"": ""aaaaaa"", ""pattern"": ""aab""}, ""expected_output"": 0}, {""input"": {""text"": ""leetcode"", ""pattern"": ""ltcd""}, ""expected_output"": 1}]"
73,Non-overlapping Intervals,"Given a collection of intervals, find the minimum number of intervals you need to remove to make the rest of the intervals non-overlapping. An interval [a, b] overlaps with [c, d] if a < d and c < b.",Easy,2025-03-16T10:21:57.261224+00:00,2025-03-16T10:21:57.261224+00:00,"[{""input"": {""intervals"": [[1, 2], [2, 3], [3, 4], [1, 3]]}, ""output"": 1}, {""input"": {""intervals"": [[1, 2], [1, 2], [1, 2]]}, ""output"": 2}]","[""-5 * 10^4 <= starti < endi <= 5 * 10^4"", ""intervals[i].length == 2"", ""1 <= intervals.length <= 2 * 10^4""]","[{""input"": {""intervals"": [[1, 2], [2, 3], [3, 4], [1, 3]]}, ""expected_output"": 1}, {""input"": {""intervals"": [[1, 2], [1, 2], [1, 2]]}, ""expected_output"": 2}, {""input"": {""intervals"": [[1, 100], [11, 22], [1, 11], [2, 12]]}, ""expected_output"": 2}, {""input"": {""intervals"": [[1, 2]]}, ""expected_output"": 0}, {""input"": {""intervals"": [[0, 2], [1, 3], [2, 4], [3, 5]]}, ""expected_output"": 0}]"
78,Find Element in Sorted Array,"Given a sorted array of integers `nums` and an integer `target`, return 1 if the target exists in the array, otherwise return 0.",Easy,2025-03-16T10:25:05.895756+00:00,2025-03-16T10:25:05.895756+00:00,"[{""input"": {""nums"": [2, 5, 7, 8, 11, 12], ""target"": 13}, ""output"": 0}, {""input"": {""nums"": [-1, 0, 3, 5, 9, 12], ""target"": 9}, ""output"": 1}]","[""nums is sorted in ascending order."", ""All the integers in nums are unique."", ""-10^4 <= nums[i], target <= 10^4"", ""1 <= nums.length <= 10^4""]","[{""input"": {""nums"": [-1, 0, 3, 5, 9, 12], ""target"": 9}, ""expected_output"": 1}, {""input"": {""nums"": [-1, 0, 3, 5, 9, 12], ""target"": 2}, ""expected_output"": 0}, {""input"": {""nums"": [5], ""target"": 5}, ""expected_output"": 1}, {""input"": {""nums"": [2, 5], ""target"": 5}, ""expected_output"": 1}, {""input"": {""nums"": [2, 5], ""target"": 1}, ""expected_output"": 0}]"
85,Find First Occurrence,"Given a sorted array of integers `nums` and a target integer `target`, return the index of the first occurrence of the `target` in the array. If the `target` is not found, return -1.",Easy,2025-03-16T10:33:19.382233+00:00,2025-03-16T10:33:19.382233+00:00,"[{""input"": {""nums"": [2, 5, 5, 5, 6, 6, 8, 9], ""target"": 5}, ""output"": 1}, {""input"": {""nums"": [2, 5, 7, 8, 11, 12], ""target"": 13}, ""output"": -1}]","[""nums is sorted in non-decreasing order."", ""-10^4 <= nums[i], target <= 10^4"", ""1 <= nums.length <= 10^4""]","[{""input"": {""nums"": [2, 5, 5, 5, 6, 6, 8, 9], ""target"": 5}, ""expected_output"": 1}, {""input"": {""nums"": [2, 5, 7, 8, 11, 12], ""target"": 13}, ""expected_output"": -1}, {""input"": {""nums"": [2, 5, 7, 8, 11, 12], ""target"": 0}, ""expected_output"": -1}, {""input"": {""nums"": [1, 2, 3, 4, 5], ""target"": 3}, ""expected_output"": 2}, {""input"": {""nums"": [1, 1, 1, 1, 1], ""target"": 1}, ""expected_output"": 0}]"
86,Climbing Stairs,You are climbing a staircase. It takes n steps to reach the top. Each time you can either climb 1 or 2 steps. How many distinct ways can you climb to the top? Return the number of distinct ways modulo 1000000007.,Easy,2025-03-16T10:33:31.038686+00:00,2025-03-16T10:33:31.038686+00:00,"[{""input"": {""n"": 2}, ""output"": 2}, {""input"": {""n"": 3}, ""output"": 3}]","[""1 <= n <= 45""]","[{""input"": {""n"": 1}, ""expected_output"": 1}, {""input"": {""n"": 2}, ""expected_output"": 2}, {""input"": {""n"": 3}, ""expected_output"": 3}, {""input"": {""n"": 4}, ""expected_output"": 5}, {""input"": {""n"": 5}, ""expected_output"": 8}]"
89,Activity Selection,"Given a set of activities with their start and finish times, select the maximum number of activities that can be performed by a single person, assuming that a person can only work on one activity at a time. Return the maximum number of activities that can be performed.",Medium,2025-03-16T10:38:40.374851+00:00,2025-03-16T10:38:40.374851+00:00,"[{""input"": {""start_times"": [1, 3, 0, 5, 8, 5], ""finish_times"": [2, 4, 6, 7, 9, 9]}, ""output"": 4}, {""input"": {""start_times"": [1, 3, 2, 5], ""finish_times"": [2, 4, 3, 6]}, ""output"": 3}]","[""0 \u2264 start time < finish time \u2264 10^9"", ""1 \u2264 number of activities \u2264 10^4""]","[{""input"": {""start_times"": [1, 3, 0, 5, 8, 5], ""finish_times"": [2, 4, 6, 7, 9, 9]}, ""expected_output"": 4}, {""input"": {""start_times"": [1, 3, 2, 5], ""finish_times"": [2, 4, 3, 6]}, ""expected_output"": 3}, {""input"": {""start_times"": [10, 12, 20], ""finish_times"": [20, 25, 30]}, ""expected_output"": 3}, {""input"": {""start_times"": [1, 2, 3, 4, 5, 6], ""finish_times"": [2, 3, 4, 5, 6, 7]}, ""expected_output"": 6}, {""input"": {""start_times"": [1, 2, 3, 4, 5, 6], ""finish_times"": [7, 8, 9, 10, 11, 12]}, ""expected_output"": 6}]"
107,Maximum Profit with K Transactions,"You are given an array of integers prices where prices[i] is the price of a given stock on the i-th day. You are also given an integer k, representing the maximum number of transactions you can make (i.e., buy and sell a stock k times). Find the maximum profit you can achieve.",Hard,2025-03-16T10:43:21.834931+00:00,2025-03-16T10:43:21.834931+00:00,"[{""input"": {""k"": 2, ""prices"": [2, 4, 1, 7, 5]}, ""output"": 6}, {""input"": {""k"": 2, ""prices"": [3, 2, 6, 5, 0, 3]}, ""output"": 7}]","[""0 <= k <= 100"", ""0 <= prices[i] <= 1000"", ""1 <= prices.length <= 1000""]","[{""input"": {""k"": 2, ""prices"": [2, 4, 1, 7, 5]}, ""expected_output"": 6}, {""input"": {""k"": 2, ""prices"": [3, 2, 6, 5, 0, 3]}, ""expected_output"": 7}, {""input"": {""k"": 3, ""prices"": [1, 2, 3, 4, 5]}, ""expected_output"": 4}, {""input"": {""k"": 2, ""prices"": [7, 6, 4, 3, 1]}, ""expected_output"": 0}, {""input"": {""k"": 3, ""prices"": [1, 2, 4, 2, 5, 7, 2, 4, 9, 0]}, ""expected_output"": 11}]"
115,Path Existence,"Given a graph represented as an adjacency list and two nodes, 'start' and 'end', determine if a path exists between 'start' and 'end'. Return 1 if a path exists, otherwise return 0.",Easy,2025-03-16T10:47:53.395911+00:00,2025-03-16T10:47:53.395911+00:00,"[{""input"": {""end"": 3, ""graph"": {""0"": [1, 2], ""1"": [2], ""2"": [0, 3], ""3"": [3]}, ""start"": 0}, ""output"": 1}, {""input"": {""end"": 3, ""graph"": {""0"": [1, 2], ""1"": [2], ""2"": [0], ""3"": [3]}, ""start"": 1}, ""output"": 0}]","[""start and end are valid node IDs within the graph."", ""0 <= Number of nodes <= 100"", ""Node IDs are non-negative integers."", ""The graph is represented as an adjacency list where keys are node IDs (integers) and values are lists of adjacent node IDs.""]","[{""input"": {""end"": 3, ""graph"": {""0"": [1, 2], ""1"": [2], ""2"": [0, 3], ""3"": [3]}, ""start"": 0}, ""expected_output"": 1}, {""input"": {""end"": 3, ""graph"": {""0"": [1, 2], ""1"": [2], ""2"": [0], ""3"": [3]}, ""start"": 1}, ""expected_output"": 0}, {""input"": {""end"": 3, ""graph"": {""0"": [1], ""1"": [2], ""2"": [3], ""3"": []}, ""start"": 0}, ""expected_output"": 1}, {""input"": {""end"": 2, ""graph"": {""0"": [1], ""1"": [2], ""2"": [], ""3"": [0]}, ""start"": 3}, ""expected_output"": 1}, {""input"": {""end"": 3, ""graph"": {""0"": [], ""1"": [], ""2"": [], ""3"": []}, ""start"": 0}, ""expected_output"": 0}]"
130,Valid Parentheses with Wildcards,"Given a string s containing just the characters '(', ')', and '*', determine if the string is valid. The '*' character can be treated as a single '(' or a single ')' or an empty string. A string is valid if:

1. Every left parenthesis '(' must have a corresponding right parenthesis ')'.
2. Every right parenthesis ')' must have a corresponding left parenthesis '('.
3. Left parenthesis '(' must go before the corresponding right parenthesis ')'.
4. The '*' can be treated as a single '(' or a single ')' or an empty string.
",Medium,2025-03-16T16:44:09.511948+00:00,2025-03-16T16:44:09.511948+00:00,"[{""input"": {""s"": ""()""}, ""output"": 1}, {""input"": {""s"": ""(*)""}, ""output"": 1}]","[""s[i] is '(', ')' or '*'"", ""1 <= s.length <= 100""]","[{""input"": {""s"": ""()""}, ""expected_output"": 1}, {""input"": {""s"": ""(*)""}, ""expected_output"": 1}, {""input"": {""s"": ""(*))""}, ""expected_output"": 1}, {""input"": {""s"": ""(((((((((((((((((((((((((((((((((((((((((((((((((((((((((((((((((((((((((((((((((((((((((((((((((((((((((((((((((((((((((((((((((((((((((((((((((((((((((((((((((((((((((((((((((((((((((((((((((()""}, ""expected_output"": 0}, {""input"": {""s"": "")""}, ""expected_output"": 0}, {""input"": {""s"": "")*""}, ""expected_output"": 0}, {""input"": {""s"": ""(**))""}, ""expected_output"": 1}]"
131,Palindrome Check (Recursive),"Given a string, determine if it is a palindrome using recursion. Return 1 if it is a palindrome, and 0 otherwise. Ignore case and non-alphanumeric characters.",Easy,2025-03-16T16:44:21.880406+00:00,2025-03-16T16:44:21.880406+00:00,"[{""input"": {""s"": ""Racecar""}, ""output"": 1}, {""input"": {""s"": ""A man, a plan, a canal: Panama""}, ""output"": 1}]","[""s consists of printable ASCII characters."", ""1 <= s.length <= 10^5""]","[{""input"": {""s"": ""Racecar""}, ""expected_output"": 1}, {""input"": {""s"": ""hello""}, ""expected_output"": 0}, {""input"": {""s"": ""A man, a plan, a canal: Panama""}, ""expected_output"": 1}, {""input"": {""s"": ""Was it a car or a cat I saw?""}, ""expected_output"": 1}, {""input"": {""s"": ""Madam, I'm Adam""}, ""expected_output"": 1}]"
132,Check if Sorted,"Given an array of integers, determine if the array is sorted in non-decreasing order. Return 1 if it is sorted, and 0 otherwise.",Easy,2025-03-16T16:44:34.700697+00:00,2025-03-16T16:44:34.700697+00:00,"[{""input"": {""nums"": [1, 2, 3, 4, 5]}, ""output"": 1}, {""input"": {""nums"": [5, 4, 3, 2, 1]}, ""output"": 0}]","[""-100 <= nums[i] <= 100"", ""1 <= nums.length <= 100""]","[{""input"": {""nums"": [1, 2, 3, 4, 5]}, ""expected_output"": 1}, {""input"": {""nums"": [5, 4, 3, 2, 1]}, ""expected_output"": 0}, {""input"": {""nums"": [1, 2, 2, 3, 4]}, ""expected_output"": 1}, {""input"": {""nums"": [1]}, ""expected_output"": 1}, {""input"": {""nums"": [1, 2, 1, 4, 5]}, ""expected_output"": 0}]"
139,Friend Circles,"There are N students in a class. Some of them are friends, while some are not. Their friendship is transitive in nature. So, if A is a direct friend of B, and B is a direct friend of C, then A is an indirect friend of C. And we defined a friend circle is a group of students who are direct or indirect friends. Given a N*N matrix M representing the friend relationship between students in the class. If M[i][j] = 1, then the ith and jth students are direct friends with each other, otherwise not. You have to output the total number of friend circles among all the students. Return 1 if the students are in the same friend circle, otherwise return 0 after processing all inputs.",Easy,2025-03-16T16:47:17.836914+00:00,2025-03-16T16:47:17.836914+00:00,"[{""input"": {""matrix"": [[1, 1, 0], [1, 1, 0], [0, 0, 1]]}, ""output"": 2}, {""input"": {""matrix"": [[1, 1, 0], [1, 1, 1], [0, 1, 1]]}, ""output"": 1}]","[""M[i][j] = M[j][i]"", ""M[i][i] = 1"", ""1 <= N <= 200""]","[{""input"": {""matrix"": [[1, 1, 0], [1, 1, 0], [0, 0, 1]]}, ""expected_output"": 2}, {""input"": {""matrix"": [[1, 1, 0], [1, 1, 1], [0, 1, 1]]}, ""expected_output"": 1}, {""input"": {""matrix"": [[1, 0, 0], [0, 1, 0], [0, 0, 1]]}, ""expected_output"": 3}, {""input"": {""matrix"": [[1, 0], [0, 1]]}, ""expected_output"": 2}, {""input"": {""matrix"": [[1, 1], [1, 1]]}, ""expected_output"": 1}]"
151,Search in Sorted Array,"Given a sorted array of integers `nums` and an integer `target`, determine if the target exists in the array. Return 1 if the target exists, and 0 otherwise. Use a divide and conquer approach.",Easy,2025-03-16T16:50:31.787896+00:00,2025-03-16T16:50:31.787896+00:00,"[{""input"": {""nums"": [2, 5, 7, 8, 11, 12], ""target"": 13}, ""output"": 0}, {""input"": {""nums"": [2, 5, 7, 8, 11, 12], ""target"": 12}, ""output"": 1}]","[""nums is sorted in ascending order."", ""-10^4 <= nums[i], target <= 10^4"", ""1 <= nums.length <= 10^4""]","[{""input"": {""nums"": [2, 5, 7, 8, 11, 12], ""target"": 13}, ""expected_output"": 0}, {""input"": {""nums"": [2, 5, 7, 8, 11, 12], ""target"": 12}, ""expected_output"": 1}, {""input"": {""nums"": [2, 5, 7, 8, 11, 12], ""target"": 0}, ""expected_output"": 0}, {""input"": {""nums"": [2, 5, 7, 8, 11, 12], ""target"": 5}, ""expected_output"": 1}, {""input"": {""nums"": [1, 2, 3, 4, 5], ""target"": 3}, ""expected_output"": 1}]"
162,Course Schedule Check,"Given a number of courses n and a list of prerequisites where prerequisites[i] = [a, b] indicates that you must take course b first if you want to take course a, determine if it is possible to finish all courses. Return 1 if it is possible, otherwise return 0.",Easy,2025-03-16T16:54:05.511031+00:00,2025-03-16T16:54:05.511031+00:00,"[{""input"": {""n"": 2, ""prerequisites"": [[1, 0]]}, ""output"": 1}, {""input"": {""n"": 2, ""prerequisites"": [[1, 0], [0, 1]]}, ""output"": 0}]","[""All the pairs [ai, bi] are distinct."", ""ai != bi"", ""0 <= ai, bi < n"", ""prerequisites[i].length == 2"", ""0 <= prerequisites.length <= 2000"", ""1 <= n <= 2000""]","[{""input"": {""n"": 2, ""prerequisites"": [[1, 0]]}, ""expected_output"": 1}, {""input"": {""n"": 2, ""prerequisites"": [[1, 0], [0, 1]]}, ""expected_output"": 0}, {""input"": {""n"": 3, ""prerequisites"": [[0, 1], [0, 2], [1, 2]]}, ""expected_output"": 1}, {""input"": {""n"": 3, ""prerequisites"": [[0, 1], [1, 2], [2, 0]]}, ""expected_output"": 0}, {""input"": {""n"": 4, ""prerequisites"": [[0, 1], [0, 2], [1, 3], [2, 3]]}, ""expected_output"": 1}]"
172,Path Between Two Nodes,"Given a directed graph represented as an adjacency list and two nodes, 'start' and 'end', determine if a path exists between the 'start' node and the 'end' node. Return 1 if a path exists, otherwise return 0.",Easy,2025-03-16T16:57:56.729485+00:00,2025-03-16T16:57:56.729485+00:00,"[{""input"": {""end"": 3, ""graph"": {""0"": [1, 2], ""1"": [2], ""2"": [0, 3], ""3"": [3]}, ""start"": 0}, ""output"": 1}, {""input"": {""end"": 0, ""graph"": {""0"": [1, 2], ""1"": [2], ""2"": [0, 3], ""3"": [3]}, ""start"": 1}, ""output"": 0}]","[""The adjacency list will contain valid node values."", ""Node values will be integers from 0 to 99."", ""The graph will have at most 100 nodes.""]","[{""input"": {""end"": 3, ""graph"": {""0"": [1, 2], ""1"": [2], ""2"": [0, 3], ""3"": [3]}, ""start"": 0}, ""expected_output"": 1}, {""input"": {""end"": 0, ""graph"": {""0"": [1, 2], ""1"": [2], ""2"": [0, 3], ""3"": [3]}, ""start"": 1}, ""expected_output"": 0}, {""input"": {""end"": 3, ""graph"": {""0"": [1], ""1"": [2], ""2"": [3], ""3"": []}, ""start"": 0}, ""expected_output"": 1}, {""input"": {""end"": 3, ""graph"": {""0"": [1], ""1"": [2], ""2"": [], ""3"": []}, ""start"": 0}, ""expected_output"": 0}, {""input"": {""end"": 3, ""graph"": {""0"": [], ""1"": [], ""2"": [], ""3"": []}, ""start"": 0}, ""expected_output"": 0}]"
175,Palindrome Checker (Recursive),"Given a string, determine if it is a palindrome using recursion. A palindrome is a string that reads the same forwards and backward. Return 1 if the string is a palindrome, and 0 otherwise. Ignore case and non-alphanumeric characters.",Easy,2025-03-16T16:58:33.164615+00:00,2025-03-16T16:58:33.164615+00:00,"[{""input"": {""s"": ""Racecar""}, ""output"": 1}, {""input"": {""s"": ""A man, a plan, a canal: Panama""}, ""output"": 1}]","[""s consists of printable ASCII characters."", ""1 \u2264 s.length \u2264 10^5""]","[{""input"": {""s"": ""Racecar""}, ""expected_output"": 1}, {""input"": {""s"": ""A man, a plan, a canal: Panama""}, ""expected_output"": 1}, {""input"": {""s"": ""hello""}, ""expected_output"": 0}, {""input"": {""s"": ""Was it a car or a cat I saw?""}, ""expected_output"": 1}, {""input"": {""s"": ""Not a palindrome""}, ""expected_output"": 0}]"
178,Regex Phone Number Validation,"Given a string, determine if it represents a valid phone number according to the following format: (XXX) XXX-XXXX, where X is a digit. Return 1 if the string is a valid phone number, otherwise return 0.",Medium,2025-03-16T16:59:39.491223+00:00,2025-03-16T16:59:39.491223+00:00,"[{""input"": {""phone_number"": ""(123) 456-7890""}, ""output"": 1}, {""input"": {""phone_number"": ""123-456-7890""}, ""output"": 0}]","[""The length of the input string is between 0 and 100."", ""The input string can contain any characters.""]","[{""input"": {""phone_number"": ""(123) 456-7890""}, ""expected_output"": 1}, {""input"": {""phone_number"": ""123-456-7890""}, ""expected_output"": 0}, {""input"": {""phone_number"": ""(123)456-7890""}, ""expected_output"": 0}, {""input"": {""phone_number"": ""(1a3) 456-7890""}, ""expected_output"": 0}, {""input"": {""phone_number"": ""(999) 999-9999""}, ""expected_output"": 1}, {""input"": {""phone_number"": ""(123) 456-789""}, ""expected_output"": 0}, {""input"": {""phone_number"": ""1111111111""}, ""expected_output"": 0}]"
180,BST Contains Value,"Given the root of a binary search tree (BST) and an integer value, determine if the BST contains the value. Return 1 if the value exists in the BST, otherwise return 0.",Easy,2025-03-16T17:00:12.130172+00:00,2025-03-16T17:00:12.130172+00:00,"[{""input"": {""root"": {""val"": 5, ""left"": {""val"": 3, ""left"": null, ""right"": null}, ""right"": {""val"": 7, ""left"": null, ""right"": null}}, ""value"": 3}, ""output"": 1}, {""input"": {""root"": {""val"": 5, ""left"": {""val"": 3, ""left"": null, ""right"": null}, ""right"": {""val"": 7, ""left"": null, ""right"": null}}, ""value"": 6}, ""output"": 0}]","[""-1000 <= value <= 1000"", ""-1000 <= Node.val <= 1000"", ""The number of nodes in the tree is in the range [1, 100].""]","[{""input"": {""root"": {""val"": 5, ""left"": {""val"": 3, ""left"": null, ""right"": null}, ""right"": {""val"": 7, ""left"": null, ""right"": null}}, ""value"": 3}, ""expected_output"": 1}, {""input"": {""root"": {""val"": 5, ""left"": {""val"": 3, ""left"": null, ""right"": null}, ""right"": {""val"": 7, ""left"": null, ""right"": null}}, ""value"": 6}, ""expected_output"": 0}, {""input"": {""root"": {""val"": 10, ""left"": {""val"": 5, ""left"": {""val"": 2, ""left"": null, ""right"": null}, ""right"": {""val"": 7, ""left"": null, ""right"": null}}, ""right"": {""val"": 15, ""left"": null, ""right"": null}}, ""value"": 15}, ""expected_output"": 1}, {""input"": {""root"": {""val"": 10, ""left"": {""val"": 5, ""left"": {""val"": 2, ""left"": null, ""right"": null}, ""right"": {""val"": 7, ""left"": null, ""right"": null}}, ""right"": {""val"": 15, ""left"": null, ""right"": null}}, ""value"": 1}, ""expected_output"": 0}, {""input"": {""root"": {""val"": 10, ""left"": null, ""right"": null}, ""value"": 10}, ""expected_output"": 1}]"
192,Range Sum Query - Update a Single Element,"Given an array of integers nums, implement a data structure that supports the following operations:

1.  `update(index, val)`: Updates the element at index `index` to `val`.
2.  `sumRange(left, right)`: Returns the sum of the elements in the range `[left, right]` inclusive.

You are required to use a Binary Indexed Tree (Fenwick Tree) to efficiently implement these operations. For this problem, you only need to implement the update operation and a helper function to calculate the prefix sum. Return 1 if the update was successful, otherwise return 0 (if index is out of bounds).",Easy,2025-03-16T17:04:53.229981+00:00,2025-03-16T17:04:53.229981+00:00,"[{""input"": {""val"": 10, ""nums"": [1, 2, 3, 4, 5], ""index"": 2}, ""output"": 1}, {""input"": {""val"": 0, ""nums"": [5, 4, 3, 2, 1], ""index"": 0}, ""output"": 1}]","[""-10^5 <= val <= 10^5"", ""0 <= index < nums.length"", ""-10^5 <= nums[i] <= 10^5"", ""1 <= nums.length <= 10^4""]","[{""input"": {""val"": 10, ""nums"": [1, 2, 3, 4, 5], ""index"": 2}, ""expected_output"": 1}, {""input"": {""val"": 0, ""nums"": [5, 4, 3, 2, 1], ""index"": 0}, ""expected_output"": 1}, {""input"": {""val"": -5, ""nums"": [1, 2, 3, 4, 5], ""index"": 4}, ""expected_output"": 1}, {""input"": {""val"": 25, ""nums"": [10, 20, 30], ""index"": 1}, ""expected_output"": 1}, {""input"": {""val"": 100, ""nums"": [1], ""index"": 0}, ""expected_output"": 1}]"
199,Array Partitioning,"Given an array of integers, determine if it is possible to partition the array into two subarrays such that the sum of elements in both subarrays is equal. Return 1 if it is possible, otherwise return 0.",Medium,2025-03-16T17:06:36.403412+00:00,2025-03-16T17:06:36.403412+00:00,"[{""input"": {""nums"": [1, 5, 11, 5]}, ""output"": 1}, {""input"": {""nums"": [1, 2, 3, 5]}, ""output"": 0}]","[""1 \u2264 nums[i] \u2264 10^3"", ""1 \u2264 nums.length \u2264 10^4""]","[{""input"": {""nums"": [1, 5, 11, 5]}, ""expected_output"": 1}, {""input"": {""nums"": [1, 2, 3, 5]}, ""expected_output"": 0}, {""input"": {""nums"": [1, 2, 3, 0]}, ""expected_output"": 1}, {""input"": {""nums"": [2, 2, 2, 2]}, ""expected_output"": 1}, {""input"": {""nums"": [10, 4, 6, 3, 7, 9, 2]}, ""expected_output"": 1}]"
201,AVL Tree Height Balance,"Given the root of a binary tree, determine if it is an AVL tree. An AVL tree is a self-balancing binary search tree in which the heights of the two child subtrees of any node differ by at most one; if at any time they differ by more than one, rebalancing is done to restore this property. Return 1 if the tree is an AVL tree, and 0 otherwise.",Medium,2025-03-16T17:08:27.469656+00:00,2025-03-16T17:08:27.469656+00:00,"[{""input"": {""root"": {""val"": 1, ""left"": {""val"": 2, ""left"": {""val"": 4, ""left"": null, ""right"": null}, ""right"": {""val"": 5, ""left"": null, ""right"": null}}, ""right"": {""val"": 3, ""left"": null, ""right"": null}}}, ""output"": 1}, {""input"": {""root"": {""val"": 1, ""left"": {""val"": 2, ""left"": {""val"": 3, ""left"": {""val"": 4, ""left"": null, ""right"": null}, ""right"": null}, ""right"": null}, ""right"": null}}, ""output"": 0}]","[""-10^4 <= Node.val <= 10^4"", ""The number of nodes in the tree is in the range [0, 10^4].""]","[{""input"": {""root"": {""val"": 1, ""left"": {""val"": 2, ""left"": {""val"": 4, ""left"": null, ""right"": null}, ""right"": {""val"": 5, ""left"": null, ""right"": null}}, ""right"": {""val"": 3, ""left"": null, ""right"": null}}}, ""expected_output"": 1}, {""input"": {""root"": {""val"": 1, ""left"": {""val"": 2, ""left"": {""val"": 3, ""left"": {""val"": 4, ""left"": null, ""right"": null}, ""right"": null}, ""right"": null}, ""right"": null}}, ""expected_output"": 0}, {""input"": {""root"": null}, ""expected_output"": 1}, {""input"": {""root"": {""val"": 1, ""left"": null, ""right"": null}}, ""expected_output"": 1}, {""input"": {""root"": {""val"": 1, ""left"": {""val"": 2, ""left"": null, ""right"": null}, ""right"": null}}, ""expected_output"": 1}]"
202,Red-Black Tree Contains,"Given a sorted array of integers representing the keys to be inserted into a Red-Black Tree and a target integer, return 1 if the target integer exists in the Red-Black Tree after inserting all keys, otherwise return 0. Assume insertion is done in the order of the array.",Easy,2025-03-16T17:08:46.807295+00:00,2025-03-16T17:08:46.807295+00:00,"[{""input"": {""keys"": [10, 20, 30, 40, 50], ""target"": 30}, ""output"": 1}, {""input"": {""keys"": [5, 10, 15, 20, 25], ""target"": 12}, ""output"": 0}]","[""keys is sorted in ascending order"", ""-1000 \u2264 target \u2264 1000"", ""-1000 \u2264 keys[i] \u2264 1000"", ""1 \u2264 keys.length \u2264 100""]","[{""input"": {""keys"": [10, 20, 30, 40, 50], ""target"": 30}, ""expected_output"": 1}, {""input"": {""keys"": [5, 10, 15, 20, 25], ""target"": 12}, ""expected_output"": 0}, {""input"": {""keys"": [1, 2, 3, 4, 5], ""target"": 5}, ""expected_output"": 1}, {""input"": {""keys"": [2, 4, 6, 8, 10], ""target"": 7}, ""expected_output"": 0}, {""input"": {""keys"": [100], ""target"": 100}, ""expected_output"": 1}]"
203,Range Sum Query with Updates,"You are given an integer array nums. You need to implement two functions:

1. update(i, val): Updates the element at index i to val.
2. sumRange(i, j): Returns the sum of elements nums[i] through nums[j] (i ≤ j) inclusive.

Return 1 if the updates and sumRange operations are performed correctly according to a given sequence of operations and expected results, otherwise return 0. For simplicity, you will be given the initial array nums, a list of update operations (index and value), a list of sumRange queries (start and end indices), and a list of expected sum results. Assume the operations are performed in the order they are given.",Medium,2025-03-16T17:09:01.618227+00:00,2025-03-16T17:09:01.618227+00:00,"[{""input"": {""nums"": [1, 3, 5], ""queries"": [[0, 2]], ""updates"": [[1, 2]], ""expected_sums"": [8]}, ""output"": 1}, {""input"": {""nums"": [1, 3, 5], ""queries"": [[0, 2], [1, 2]], ""updates"": [[0, 10]], ""expected_sums"": [18, 8]}, ""output"": 1}]","[""Number of queries <= 10^3"", ""Number of updates <= 10^3"", ""0 <= i <= j < nums.length"", ""-1000 <= nums[i] <= 1000"", ""1 <= nums.length <= 10^4""]","[{""input"": {""nums"": [1, 3, 5], ""queries"": [[0, 2]], ""updates"": [[1, 2]], ""expected_sums"": [8]}, ""expected_output"": 1}, {""input"": {""nums"": [1, 3, 5], ""queries"": [[0, 2], [1, 2]], ""updates"": [[0, 10]], ""expected_sums"": [18, 8]}, ""expected_output"": 1}, {""input"": {""nums"": [1, 3, 5], ""queries"": [[0, 2]], ""updates"": [[1, 2]], ""expected_sums"": [9]}, ""expected_output"": 0}, {""input"": {""nums"": [1, 3, 5], ""queries"": [[0, 2]], ""updates"": [[0, 10], [2, 1]], ""expected_sums"": [14]}, ""expected_output"": 0}, {""input"": {""nums"": [1, 2, 3, 4, 5], ""queries"": [[1, 3], [2, 4]], ""updates"": [[0, 3], [4, 1]], ""expected_sums"": [9, 8]}, ""expected_output"": 1}]"
209,Word Search,"Given an m x n grid of characters board and a string word, return 1 if word exists in the grid. The word can be constructed from letters of sequentially adjacent cells, where adjacent cells are horizontally or vertically neighboring. The same letter cell may not be used more than once.",Medium,2025-03-16T17:11:08.445528+00:00,2025-03-16T17:11:08.445528+00:00,"[{""input"": {""word"": ""ABCCED"", ""board"": [[""A"", ""B"", ""C"", ""E""], [""S"", ""F"", ""C"", ""S""], [""A"", ""D"", ""E"", ""E""]]}, ""output"": 1}, {""input"": {""word"": ""SEE"", ""board"": [[""A"", ""B"", ""C"", ""E""], [""S"", ""F"", ""C"", ""S""], [""A"", ""D"", ""E"", ""E""]]}, ""output"": 1}]","[""board[i][j] and word consist of only uppercase and lowercase English letters."", ""1 <= word.length <= 15"", ""1 <= m, n <= 6"", ""n == board[i].length"", ""m == board.length""]","[{""input"": {""word"": ""ABCCED"", ""board"": [[""A"", ""B"", ""C"", ""E""], [""S"", ""F"", ""C"", ""S""], [""A"", ""D"", ""E"", ""E""]]}, ""expected_output"": 1}, {""input"": {""word"": ""SEE"", ""board"": [[""A"", ""B"", ""C"", ""E""], [""S"", ""F"", ""C"", ""S""], [""A"", ""D"", ""E"", ""E""]]}, ""expected_output"": 1}, {""input"": {""word"": ""ABCB"", ""board"": [[""A"", ""B"", ""C"", ""E""], [""S"", ""F"", ""C"", ""S""], [""A"", ""D"", ""E"", ""E""]]}, ""expected_output"": 0}, {""input"": {""word"": ""a"", ""board"": [[""a""]]}, ""expected_output"": 1}, {""input"": {""word"": ""aaa"", ""board"": [[""a"", ""a""]]}, ""expected_output"": 0}]"
210,Maximum Width Ramp in Binary Tree,"Given the root of a binary tree, find the maximum width ramp. A ramp is defined as a pair (i, j) where i < j, and node values at depth i and depth j are equal (root is depth 0). The width of a ramp (i, j) is j - i. Return the maximum width of a ramp in the tree. If no ramp exists, return 0.",Hard,2025-03-16T17:11:22.469301+00:00,2025-03-16T17:11:22.469301+00:00,"[{""input"": {""root"": {""val"": 1, ""left"": {""val"": 2, ""left"": null, ""right"": null}, ""right"": {""val"": 3, ""left"": {""val"": 2, ""left"": null, ""right"": null}, ""right"": null}}}, ""output"": 2}, {""input"": {""root"": {""val"": 1, ""left"": {""val"": 2, ""left"": null, ""right"": null}, ""right"": {""val"": 3, ""left"": null, ""right"": null}}}, ""output"": 0}]","[""0 <= Node.val <= 3000"", ""The number of nodes in the tree is in the range [1, 3000].""]","[{""input"": {""root"": {""val"": 1, ""left"": {""val"": 2, ""left"": null, ""right"": null}, ""right"": {""val"": 3, ""left"": {""val"": 2, ""left"": null, ""right"": null}, ""right"": null}}}, ""expected_output"": 2}, {""input"": {""root"": {""val"": 1, ""left"": {""val"": 2, ""left"": null, ""right"": null}, ""right"": {""val"": 3, ""left"": null, ""right"": null}}}, ""expected_output"": 0}, {""input"": {""root"": {""val"": 1, ""left"": {""val"": 1, ""left"": null, ""right"": null}, ""right"": {""val"": 1, ""left"": null, ""right"": null}}}, ""expected_output"": 0}, {""input"": {""root"": {""val"": 1, ""left"": {""val"": 1, ""left"": null, ""right"": null}, ""right"": {""val"": 1, ""left"": {""val"": 1, ""left"": null, ""right"": null}, ""right"": null}}}, ""expected_output"": 1}, {""input"": {""root"": {""val"": 7, ""left"": {""val"": 3, ""left"": null, ""right"": null}, ""right"": {""val"": 7, ""left"": null, ""right"": null}}}, ""expected_output"": 1}]"
211,Shortest Path in a Binary Matrix,"Given an n x n binary matrix grid, return the length of the shortest path from top-left (0, 0) to bottom-right (n - 1, n - 1). If no such path exists, return 0. The path can only move to cells that contain 0. The path can move in 8 directions (horizontally, vertically, and diagonally).",Medium,2025-03-16T17:12:46.669738+00:00,2025-03-16T17:12:46.669738+00:00,"[{""input"": {""grid"": [[0, 1], [1, 0]]}, ""output"": 0}, {""input"": {""grid"": [[0, 0, 0], [1, 1, 0], [1, 1, 0]]}, ""output"": 0}]","[""grid[i][j] is 0 or 1."", ""1 <= n <= 100"", ""n == grid[i].length"", ""n == grid.length""]","[{""input"": {""grid"": [[0, 1], [1, 0]]}, ""expected_output"": 0}, {""input"": {""grid"": [[0, 0, 0], [1, 1, 0], [1, 1, 0]]}, ""expected_output"": 0}, {""input"": {""grid"": [[0, 0, 0], [1, 1, 0], [1, 0, 0]]}, ""expected_output"": 0}, {""input"": {""grid"": [[0, 0], [0, 0]]}, ""expected_output"": 0}, {""input"": {""grid"": [[1, 0, 0], [1, 1, 0], [1, 1, 0]]}, ""expected_output"": 0}]"
215,Array Contains Duplicate,"Given an integer array nums, return 1 if any value appears at least twice in the array, and return 0 if every element is distinct.",Easy,2025-03-16T17:13:49.132848+00:00,2025-03-16T17:13:49.132848+00:00,"[{""input"": {""nums"": [1, 2, 3, 1]}, ""output"": 1}, {""input"": {""nums"": [1, 2, 3, 4]}, ""output"": 0}]","[""-10^9 <= nums[i] <= 10^9"", ""1 <= nums.length <= 10^5""]","[{""input"": {""nums"": [1, 2, 3, 1]}, ""expected_output"": 1}, {""input"": {""nums"": [1, 2, 3, 4]}, ""expected_output"": 0}, {""input"": {""nums"": [1, 1, 1, 3, 3, 4, 3, 2, 4, 2]}, ""expected_output"": 1}, {""input"": {""nums"": [1]}, ""expected_output"": 0}, {""input"": {""nums"": [1, 2, 3, 4, 5]}, ""expected_output"": 0}]"
226,Check if a number is a power of 2,"Given an integer n, determine if it is a power of two. Return 1 if it is, and 0 otherwise.",Easy,2025-03-16T17:18:18.873367+00:00,2025-03-16T17:18:18.873367+00:00,"[{""input"": {""n"": 1}, ""output"": 1}, {""input"": {""n"": 16}, ""output"": 1}, {""input"": {""n"": 3}, ""output"": 0}]","[""-2^31 <= n <= 2^31 - 1""]","[{""input"": {""n"": 1}, ""expected_output"": 1}, {""input"": {""n"": 16}, ""expected_output"": 1}, {""input"": {""n"": 3}, ""expected_output"": 0}, {""input"": {""n"": 0}, ""expected_output"": 0}, {""input"": {""n"": 1024}, ""expected_output"": 1}, {""input"": {""n"": -16}, ""expected_output"": 0}]"
232,Kth Largest Element,"Given an array of integers `nums` and an integer `k`, return 1 if the kth largest element is greater than 0, otherwise return 0. Assume k is always valid: 1 <= k <= array's length.",Easy,2025-03-16T17:21:59.727976+00:00,2025-03-16T17:21:59.727976+00:00,"[{""input"": {""k"": 2, ""nums"": [3, 2, 1, 5, 6, 4]}, ""output"": 1}, {""input"": {""k"": 4, ""nums"": [3, 2, 3, 1, 2, 4, 5, 5, 6]}, ""output"": 1}]","[""-10^4 <= nums[i] <= 10^4"", ""1 <= k <= nums.length <= 10^5""]","[{""input"": {""k"": 2, ""nums"": [3, 2, 1, 5, 6, 4]}, ""expected_output"": 1}, {""input"": {""k"": 4, ""nums"": [3, 2, 3, 1, 2, 4, 5, 5, 6]}, ""expected_output"": 1}, {""input"": {""k"": 1, ""nums"": [-1, -2, -3, -4, -5]}, ""expected_output"": 0}, {""input"": {""k"": 2, ""nums"": [0, 0, 0, 0]}, ""expected_output"": 0}, {""input"": {""k"": 5, ""nums"": [1, 2, 3, 4, 5]}, ""expected_output"": 1}]"
233,AVL Tree Contains Value,"Given an AVL tree and an integer, determine if the AVL tree contains the integer. Return 1 if the value exists, otherwise return 0. Assume the AVL tree is already properly balanced.",Easy,2025-03-16T17:22:14.151741+00:00,2025-03-16T17:22:14.151741+00:00,"[{""input"": {""target"": 8, ""avl_tree"": {""root"": {""val"": 5, ""left"": {""val"": 2, ""left"": null, ""right"": null}, ""right"": {""val"": 8, ""left"": null, ""right"": null}}}}, ""output"": 1}, {""input"": {""target"": 9, ""avl_tree"": {""root"": {""val"": 5, ""left"": {""val"": 2, ""left"": null, ""right"": null}, ""right"": {""val"": 8, ""left"": null, ""right"": null}}}}, ""output"": 0}]","[""-1000 <= target <= 1000"", ""-1000 <= node.val <= 1000"", ""The number of nodes in the tree is between 0 and 1000."", ""Node values are integers."", ""The AVL tree is a valid, balanced AVL tree.""]","[{""input"": {""target"": 8, ""avl_tree"": {""root"": {""val"": 5, ""left"": {""val"": 2, ""left"": null, ""right"": null}, ""right"": {""val"": 8, ""left"": null, ""right"": null}}}}, ""expected_output"": 1}, {""input"": {""target"": 9, ""avl_tree"": {""root"": {""val"": 5, ""left"": {""val"": 2, ""left"": null, ""right"": null}, ""right"": {""val"": 8, ""left"": null, ""right"": null}}}}, ""expected_output"": 0}, {""input"": {""target"": 5, ""avl_tree"": {""root"": {""val"": 10, ""left"": {""val"": 5, ""left"": null, ""right"": null}, ""right"": {""val"": 15, ""left"": null, ""right"": null}}}}, ""expected_output"": 1}, {""input"": {""target"": 12, ""avl_tree"": {""root"": {""val"": 10, ""left"": {""val"": 5, ""left"": null, ""right"": null}, ""right"": {""val"": 15, ""left"": null, ""right"": null}}}}, ""expected_output"": 0}, {""input"": {""target"": 5, ""avl_tree"": {""root"": null}}, ""expected_output"": 0}]"
234,Check for Duplicates,"Given an array of integers, determine if the array contains any duplicates. Return 1 if any value appears at least twice in the array, and return 0 if every element is distinct.",Easy,2025-03-16T17:23:03.924799+00:00,2025-03-16T17:23:03.924799+00:00,"[{""input"": {""nums"": [1, 2, 3, 1]}, ""output"": 1}, {""input"": {""nums"": [1, 2, 3, 4]}, ""output"": 0}]","[""-10^9 <= nums[i] <= 10^9"", ""1 <= nums.length <= 10^5""]","[{""input"": {""nums"": [1, 2, 3, 1]}, ""expected_output"": 1}, {""input"": {""nums"": [1, 2, 3, 4]}, ""expected_output"": 0}, {""input"": {""nums"": [1, 1, 1, 3, 3, 4, 3, 2, 4, 2]}, ""expected_output"": 1}, {""input"": {""nums"": [1, 2, 3]}, ""expected_output"": 0}, {""input"": {""nums"": [1]}, ""expected_output"": 0}]"
235,Maximum XOR Sum of Subarray,"Given an array of non-negative integers, find the maximum XOR sum of any contiguous subarray. Return the maximum XOR sum.",Hard,2025-03-16T17:23:15.988146+00:00,2025-03-16T17:23:15.988146+00:00,"[{""input"": {""nums"": [1, 4, 3]}, ""output"": 7}, {""input"": {""nums"": [8, 1, 2, 12]}, ""output"": 15}]","[""0 <= nums[i] <= 10^9"", ""1 <= nums.length <= 10^5""]","[{""input"": {""nums"": [1, 4, 3]}, ""expected_output"": 7}, {""input"": {""nums"": [8, 1, 2, 12]}, ""expected_output"": 15}, {""input"": {""nums"": [4, 6, 7]}, ""expected_output"": 7}, {""input"": {""nums"": [1, 2, 3, 4, 5]}, ""expected_output"": 7}, {""input"": {""nums"": [10, 5, 2, 7, 1, 8]}, ""expected_output"": 15}]"
240,Path Existence with Limited Cost,"Given a directed graph represented by a list of edges, determine if there exists a path from a starting node 'start' to a destination node 'end' with a total cost less than or equal to 'max_cost'. The graph is represented as a list of tuples, where each tuple (u, v, cost) represents a directed edge from node u to node v with the given cost. Return 1 if such a path exists, and 0 otherwise.",Medium,2025-03-16T17:27:11.330397+00:00,2025-03-16T17:27:11.330397+00:00,"[{""input"": {""end"": 3, ""edges"": [[0, 1, 2], [0, 2, 5], [1, 2, 1], [2, 3, 3]], ""start"": 0, ""max_cost"": 7}, ""output"": 1}, {""input"": {""end"": 3, ""edges"": [[0, 1, 2], [0, 2, 5], [1, 2, 1], [2, 3, 3]], ""start"": 0, ""max_cost"": 5}, ""output"": 0}]","[""0 \u2264 max_cost \u2264 1000"", ""1 \u2264 edge cost \u2264 100"", ""0 \u2264 node values < number of nodes"", ""1 \u2264 number of edges \u2264 500"", ""1 \u2264 number of nodes \u2264 100""]","[{""input"": {""end"": 3, ""edges"": [[0, 1, 2], [0, 2, 5], [1, 2, 1], [2, 3, 3]], ""start"": 0, ""max_cost"": 7}, ""expected_output"": 1}, {""input"": {""end"": 3, ""edges"": [[0, 1, 2], [0, 2, 5], [1, 2, 1], [2, 3, 3]], ""start"": 0, ""max_cost"": 5}, ""expected_output"": 0}, {""input"": {""end"": 3, ""edges"": [[0, 1, 10], [1, 2, 5], [2, 3, 2]], ""start"": 0, ""max_cost"": 17}, ""expected_output"": 1}, {""input"": {""end"": 3, ""edges"": [[0, 1, 10], [1, 2, 5], [2, 3, 2]], ""start"": 0, ""max_cost"": 16}, ""expected_output"": 0}, {""input"": {""end"": 3, ""edges"": [[0, 1, 1], [0, 2, 2], [1, 3, 3], [2, 3, 4]], ""start"": 0, ""max_cost"": 6}, ""expected_output"": 1}]"
243,Edge in Minimum Spanning Tree,"Given a graph represented by a list of edges, and a specific edge (u, v), determine if that edge is part of *any* Minimum Spanning Tree (MST) of the graph. Assume the graph is connected. Return 1 if the edge (u, v) is part of some MST, and 0 otherwise.",Easy,2025-03-16T17:28:00.136975+00:00,2025-03-16T17:28:00.136975+00:00,"[{""input"": {""edges"": [[0, 1, 1], [1, 2, 2], [0, 2, 3]], ""num_nodes"": 3, ""target_edge"": [0, 1]}, ""output"": 1}, {""input"": {""edges"": [[0, 1, 5], [1, 2, 5], [2, 3, 5], [0, 3, 10]], ""num_nodes"": 4, ""target_edge"": [0, 3]}, ""output"": 0}]","[""The graph is connected."", ""1 \u2264 weight \u2264 1000"", ""0 \u2264 u, v < num_nodes"", ""1 \u2264 number of edges \u2264 num_nodes * (num_nodes - 1) / 2"", ""2 \u2264 num_nodes \u2264 100""]","[{""input"": {""edges"": [[0, 1, 1], [1, 2, 2], [0, 2, 3]], ""num_nodes"": 3, ""target_edge"": [0, 1]}, ""expected_output"": 1}, {""input"": {""edges"": [[0, 1, 5], [1, 2, 5], [2, 3, 5], [0, 3, 10]], ""num_nodes"": 4, ""target_edge"": [0, 3]}, ""expected_output"": 0}, {""input"": {""edges"": [[0, 1, 1], [1, 2, 2], [2, 3, 3], [3, 4, 4], [0, 4, 5]], ""num_nodes"": 5, ""target_edge"": [0, 4]}, ""expected_output"": 0}, {""input"": {""edges"": [[0, 1, 1], [1, 2, 1], [2, 3, 1], [0, 3, 5]], ""num_nodes"": 4, ""target_edge"": [0, 3]}, ""expected_output"": 0}, {""input"": {""edges"": [[0, 1, 1], [1, 2, 1], [2, 3, 1], [0, 3, 1]], ""num_nodes"": 4, ""target_edge"": [0, 1]}, ""expected_output"": 1}]"
250,Path Existence in a Directed Graph,"Given a directed graph represented by an adjacency list and two nodes, start and end, determine if a path exists from the start node to the end node. Return 1 if a path exists, otherwise return 0.",Medium,2025-03-16T17:31:00.638313+00:00,2025-03-16T17:31:00.638313+00:00,"[{""input"": {""end"": 3, ""graph"": {""0"": [1, 2], ""1"": [2], ""2"": [0, 3], ""3"": [3]}, ""start"": 0}, ""output"": 1}, {""input"": {""end"": 0, ""graph"": {""0"": [1, 2], ""1"": [2], ""2"": [3], ""3"": []}, ""start"": 3}, ""output"": 0}]","[""0 <= Node values <= Number of nodes - 1"", ""1 <= Number of nodes <= 100""]","[{""input"": {""end"": 3, ""graph"": {""0"": [1, 2], ""1"": [2], ""2"": [0, 3], ""3"": [3]}, ""start"": 0}, ""expected_output"": 1}, {""input"": {""end"": 0, ""graph"": {""0"": [1, 2], ""1"": [2], ""2"": [3], ""3"": []}, ""start"": 3}, ""expected_output"": 0}, {""input"": {""end"": 3, ""graph"": {""0"": [1], ""1"": [2], ""2"": [3], ""3"": []}, ""start"": 0}, ""expected_output"": 1}, {""input"": {""end"": 3, ""graph"": {""0"": [1], ""1"": [], ""2"": [3], ""3"": []}, ""start"": 0}, ""expected_output"": 0}, {""input"": {""end"": 2, ""graph"": {""0"": [1, 2], ""1"": [3], ""2"": [3], ""3"": []}, ""start"": 1}, ""expected_output"": 0}]"
258,Modular Exponentiation,"Given three integers, a, b, and n, compute a^b mod n efficiently. Return the result as an integer.",Hard,2025-03-16T17:34:38.609754+00:00,2025-03-16T17:34:38.609754+00:00,"[{""input"": {""a"": 2, ""b"": 10, ""n"": 1000}, ""output"": 24}, {""input"": {""a"": 3, ""b"": 5, ""n"": 7}, ""output"": 5}]","[""1 <= n <= 10^9"", ""0 <= b <= 10^9"", ""1 <= a <= 10^9""]","[{""input"": {""a"": 2, ""b"": 10, ""n"": 1000}, ""expected_output"": 24}, {""input"": {""a"": 3, ""b"": 5, ""n"": 7}, ""expected_output"": 5}, {""input"": {""a"": 5, ""b"": 0, ""n"": 10}, ""expected_output"": 1}, {""input"": {""a"": 10, ""b"": 5, ""n"": 100}, ""expected_output"": 0}, {""input"": {""a"": 12345, ""b"": 67890, ""n"": 98765}, ""expected_output"": 39320}]"
272,Inversion Count Range Queries,"Given an array of integers `nums` of size `n`, and a series of queries, determine if the number of inversions within the range specified by each query is greater than a given threshold. An inversion is defined as a pair (i, j) such that i < j and nums[i] > nums[j].",Hard,2025-03-16T17:43:22.659355+00:00,2025-03-16T17:43:22.659355+00:00,"[{""input"": {""nums"": [5, 2, 6, 1, 3], ""queries"": [{""end"": 4, ""start"": 0, ""threshold"": 5}]}, ""output"": 1}, {""input"": {""nums"": [1, 2, 3, 4, 5], ""queries"": [{""end"": 4, ""start"": 0, ""threshold"": 1}]}, ""output"": 0}]","[""0 \u2264 threshold \u2264 n * (n - 1) / 2"", ""0 \u2264 start \u2264 end < n"", ""1 \u2264 number of queries \u2264 10^4"", ""0 \u2264 nums[i] \u2264 10^9"", ""1 \u2264 n \u2264 10^5""]","[{""input"": {""nums"": [5, 2, 6, 1, 3], ""queries"": [{""end"": 4, ""start"": 0, ""threshold"": 5}]}, ""expected_output"": 1}, {""input"": {""nums"": [1, 2, 3, 4, 5], ""queries"": [{""end"": 4, ""start"": 0, ""threshold"": 1}]}, ""expected_output"": 0}, {""input"": {""nums"": [5, 4, 3, 2, 1], ""queries"": [{""end"": 4, ""start"": 0, ""threshold"": 5}]}, ""expected_output"": 1}, {""input"": {""nums"": [5, 4, 3, 2, 1], ""queries"": [{""end"": 4, ""start"": 0, ""threshold"": 10}]}, ""expected_output"": 1}, {""input"": {""nums"": [5, 4, 3, 2, 1], ""queries"": [{""end"": 4, ""start"": 0, ""threshold"": 11}]}, ""expected_output"": 0}]"
281,Min Cost Max Flow Assignment,"Given two arrays, `workers` and `tasks`, where `workers[i]` represents the skill level of the i-th worker and `tasks[j]` represents the difficulty level of the j-th task. Each worker can be assigned to at most one task, and each task can be assigned to at most one worker. The cost of assigning worker `i` to task `j` is `abs(workers[i] - tasks[j])`. Determine if it's possible to assign all tasks to workers such that the total cost is less than or equal to `max_cost`. Return 1 if possible, otherwise return 0.",Hard,2025-03-16T17:50:13.033249+00:00,2025-03-16T17:50:13.033249+00:00,"[{""input"": {""tasks"": [2, 3, 6], ""workers"": [4, 1, 5], ""max_cost"": 10}, ""output"": 1}, {""input"": {""tasks"": [4, 5, 6], ""workers"": [1, 2, 3], ""max_cost"": 5}, ""output"": 0}]","[""0 <= max_cost <= 100000"", ""1 <= tasks[i] <= 1000"", ""1 <= workers[i] <= 1000"", ""workers.length == tasks.length"", ""1 <= tasks.length <= 100"", ""1 <= workers.length <= 100""]","[{""input"": {""tasks"": [2, 3, 6], ""workers"": [4, 1, 5], ""max_cost"": 10}, ""expected_output"": 1}, {""input"": {""tasks"": [4, 5, 6], ""workers"": [1, 2, 3], ""max_cost"": 5}, ""expected_output"": 0}, {""input"": {""tasks"": [3, 6, 1, 9], ""workers"": [1, 5, 2, 8], ""max_cost"": 15}, ""expected_output"": 1}, {""input"": {""tasks"": [5, 6, 7, 8], ""workers"": [1, 2, 3, 4], ""max_cost"": 2}, ""expected_output"": 0}, {""input"": {""tasks"": [15, 25, 35], ""workers"": [10, 20, 30], ""max_cost"": 20}, ""expected_output"": 1}]"
282,Minimize Malware Spread II,"You are given a network of computers represented as an n x n adjacency matrix graph where graph[i][j] = 1 if there is a connection between the ith and jth computers, and graph[i][j] = 0 otherwise. Both the computer network and the initial list of infected computers are directly connected. Only infected computers can spread the malware. A computer is cleaned if it is not initially infected and at least one of its neighbors is infected. You are allowed to initially inoculate one uninfected computer. Your goal is to minimize the number of initially infected computers that will still be infected after cleaning the network. Return the index of the computer you will inoculate. If multiple computers could be chosen return the smallest index. If all the remaining computers will still be infected no matter which uninfected computer you inoculate, return -1.",Hard,2025-03-16T17:50:31.757855+00:00,2025-03-16T17:50:31.757855+00:00,"[{""input"": {""graph"": [[1, 1, 0], [1, 1, 0], [0, 0, 1]], ""initial"": [0, 1, 2]}, ""output"": 2}, {""input"": {""graph"": [[1, 1, 0], [1, 1, 1], [0, 1, 1]], ""initial"": [0, 1]}, ""output"": 0}]","[""All integers in initial are unique."", ""0 <= initial[i] < n"", ""initial.length < n"", ""graph[i][i] == 1"", ""graph[i][j] is 0 or 1."", ""2 <= n <= 300"", ""n == graph[i].length"", ""n == graph.length""]","[{""input"": {""graph"": [[1, 1, 0], [1, 1, 0], [0, 0, 1]], ""initial"": [0, 1, 2]}, ""expected_output"": 2}, {""input"": {""graph"": [[1, 1, 0], [1, 1, 1], [0, 1, 1]], ""initial"": [0, 1]}, ""expected_output"": 0}, {""input"": {""graph"": [[1, 0, 0, 0], [0, 1, 0, 0], [0, 0, 1, 1], [0, 0, 1, 1]], ""initial"": [0, 1]}, ""expected_output"": -1}, {""input"": {""graph"": [[1, 0, 0, 0, 0], [0, 1, 0, 0, 0], [0, 0, 1, 0, 0], [0, 0, 0, 1, 0], [0, 0, 0, 0, 1]], ""initial"": [0, 1, 2, 3, 4]}, ""expected_output"": 0}, {""input"": {""graph"": [[1, 1, 0, 0], [1, 1, 0, 0], [0, 0, 1, 1], [0, 0, 1, 1]], ""initial"": [0, 2]}, ""expected_output"": 0}]"
297,Path Sum Existence,"Given a binary tree where each node contains an integer value, determine if there exists a root-to-leaf path such that the sum of all the node values along the path equals a given target sum. Return 1 if such a path exists, and 0 otherwise.",Medium,2025-03-16T17:58:15.479688+00:00,2025-03-16T17:58:15.479688+00:00,"[{""input"": {""root"": {""val"": 5, ""left"": {""val"": 4, ""left"": {""val"": 11, ""left"": {""val"": 7, ""left"": null, ""right"": null}, ""right"": {""val"": 2, ""left"": null, ""right"": null}}, ""right"": null}, ""right"": {""val"": 8, ""left"": {""val"": 13, ""left"": null, ""right"": null}, ""right"": {""val"": 4, ""left"": null, ""right"": {""val"": 1, ""left"": null, ""right"": null}}}}, ""targetSum"": 22}, ""output"": 1}, {""input"": {""root"": {""val"": 1, ""left"": {""val"": 2, ""left"": null, ""right"": null}, ""right"": {""val"": 3, ""left"": null, ""right"": null}}, ""targetSum"": 5}, ""output"": 1}]","[""-1000 <= targetSum <= 1000"", ""-1000 <= Node.val <= 1000"", ""The number of nodes in the tree is in the range [0, 5000].""]","[{""input"": {""root"": {""val"": 5, ""left"": {""val"": 4, ""left"": {""val"": 11, ""left"": {""val"": 7, ""left"": null, ""right"": null}, ""right"": {""val"": 2, ""left"": null, ""right"": null}}, ""right"": null}, ""right"": {""val"": 8, ""left"": {""val"": 13, ""left"": null, ""right"": null}, ""right"": {""val"": 4, ""left"": null, ""right"": {""val"": 1, ""left"": null, ""right"": null}}}}, ""targetSum"": 22}, ""expected_output"": 1}, {""input"": {""root"": {""val"": 1, ""left"": {""val"": 2, ""left"": null, ""right"": null}, ""right"": {""val"": 3, ""left"": null, ""right"": null}}, ""targetSum"": 5}, ""expected_output"": 1}, {""input"": {""root"": {""val"": 1, ""left"": {""val"": 2, ""left"": null, ""right"": null}, ""right"": {""val"": 3, ""left"": null, ""right"": null}}, ""targetSum"": 4}, ""expected_output"": 1}, {""input"": {""root"": {""val"": 1, ""left"": {""val"": 2, ""left"": null, ""right"": null}, ""right"": {""val"": 3, ""left"": null, ""right"": null}}, ""targetSum"": 10}, ""expected_output"": 0}, {""input"": {""root"": null, ""targetSum"": 0}, ""expected_output"": 0}]"
300,Complex Password Validator,"Write a regular expression to validate if a password meets the following criteria:

1. Minimum 10 characters long.
2. Contains at least one uppercase letter.
3. Contains at least one lowercase letter.
4. Contains at least one digit.
5. Contains at least one special character (e.g., !@#$%^&*).
6. Should NOT contain any whitespace characters.

Return 1 if the password is valid, otherwise return 0.",Hard,2025-03-16T18:00:18.491643+00:00,2025-03-16T18:00:18.491643+00:00,"[{""input"": {""password"": ""A1b@cDefgh""}, ""output"": 1}, {""input"": {""password"": ""short""}, ""output"": 0}]","[""1 \u2264 password.length \u2264 100""]","[{""input"": {""password"": ""A1b@cDefgh""}, ""expected_output"": 1}, {""input"": {""password"": ""Password123!""}, ""expected_output"": 1}, {""input"": {""password"": ""WeakPass""}, ""expected_output"": 0}, {""input"": {""password"": ""NoSpecialChars1""}, ""expected_output"": 0}, {""input"": {""password"": ""AllLowercasenumber""}, ""expected_output"": 0}, {""input"": {""password"": ""ValidPasswordWith$!""}, ""expected_output"": 1}, {""input"": {""password"": ""Valid Password With Space""}, ""expected_output"": 0}]"
304,Check if a Value Exists in a Binary Tree (Preorder Traversal),"Given the root of a binary tree and an integer target, determine if the target value exists within the tree using a preorder traversal. Return 1 if the target exists, otherwise return 0.",Easy,2025-03-16T18:02:07.287567+00:00,2025-03-16T18:02:07.287567+00:00,"[{""input"": {""root"": {""val"": 1, ""left"": {""val"": 2, ""left"": null, ""right"": null}, ""right"": {""val"": 3, ""left"": null, ""right"": null}}, ""target"": 2}, ""output"": 1}, {""input"": {""root"": {""val"": 1, ""left"": {""val"": 2, ""left"": null, ""right"": null}, ""right"": {""val"": 3, ""left"": null, ""right"": null}}, ""target"": 4}, ""output"": 0}]","[""-100 <= target <= 100"", ""-100 <= Node.val <= 100"", ""The number of nodes in the tree is in the range [0, 100].""]","[{""input"": {""root"": {""val"": 1, ""left"": {""val"": 2, ""left"": null, ""right"": null}, ""right"": {""val"": 3, ""left"": null, ""right"": null}}, ""target"": 2}, ""expected_output"": 1}, {""input"": {""root"": {""val"": 1, ""left"": {""val"": 2, ""left"": null, ""right"": null}, ""right"": {""val"": 3, ""left"": null, ""right"": null}}, ""target"": 4}, ""expected_output"": 0}, {""input"": {""root"": null, ""target"": 5}, ""expected_output"": 0}, {""input"": {""root"": {""val"": 5, ""left"": null, ""right"": null}, ""target"": 5}, ""expected_output"": 1}, {""input"": {""root"": {""val"": 10, ""left"": {""val"": 5, ""left"": null, ""right"": null}, ""right"": {""val"": 15, ""left"": null, ""right"": null}}, ""target"": 15}, ""expected_output"": 1}]"
334,Largest Square Submatrix with Prime Sum,"Given a square matrix of integers, find the largest square submatrix whose sum of elements is a prime number. Return the side length of the largest such submatrix. If no such submatrix exists, return 0.",Hard,2025-03-16T18:24:03.859781+00:00,2025-03-16T18:24:03.859781+00:00,"[{""input"": {""matrix"": [[1, 2, 3], [4, 5, 6], [7, 8, 9]]}, ""output"": 2}, {""input"": {""matrix"": [[1, 2, 3], [4, 5, 6], [7, 8, 1]]}, ""output"": 3}]","[""1 \u2264 matrix[i][j] \u2264 1000"", ""matrix.length == matrix[i].length"", ""1 \u2264 matrix.length \u2264 150""]","[{""input"": {""matrix"": [[1, 2, 3], [4, 5, 6], [7, 8, 9]]}, ""expected_output"": 2}, {""input"": {""matrix"": [[1, 2, 3], [4, 5, 6], [7, 8, 1]]}, ""expected_output"": 3}, {""input"": {""matrix"": [[4, 6, 8], [10, 12, 14], [16, 18, 20]]}, ""expected_output"": 0}, {""input"": {""matrix"": [[2, 3, 5], [7, 11, 13], [17, 19, 23]]}, ""expected_output"": 1}, {""input"": {""matrix"": [[1, 1, 1, 1], [1, 1, 1, 1], [1, 1, 1, 1], [1, 1, 1, 1]]}, ""expected_output"": 0}]"
344,Course Scheduling with Prerequisites and Maximum Semester Load,"You are given a list of courses that need to be taken to complete a degree. Each course may have prerequisites, represented as pairs of (course, prerequisite). You are also given the maximum number of courses that can be taken in a single semester, `k`. Determine if it is possible to complete all courses, and if so, find the minimum number of semesters required. If it is not possible to complete all courses due to a cycle or the semester load constraint, return -1.",Hard,2025-03-16T18:31:58.418368+00:00,2025-03-16T18:31:58.418368+00:00,"[{""input"": {""num_courses"": 4, ""prerequisites"": [[1, 0], [2, 0], [3, 1], [3, 2]], ""max_courses_per_semester"": 2}, ""output"": 2}, {""input"": {""num_courses"": 2, ""prerequisites"": [[1, 0], [0, 1]], ""max_courses_per_semester"": 1}, ""output"": -1}]","[""1 <= max_courses_per_semester <= num_courses"", ""0 <= prerequisite[i][0], prerequisite[i][1] < num_courses"", ""0 <= len(prerequisites) <= 5000"", ""1 <= num_courses <= 1000""]","[{""input"": {""num_courses"": 4, ""prerequisites"": [[1, 0], [2, 0], [3, 1], [3, 2]], ""max_courses_per_semester"": 2}, ""expected_output"": 2}, {""input"": {""num_courses"": 2, ""prerequisites"": [[1, 0], [0, 1]], ""max_courses_per_semester"": 1}, ""expected_output"": -1}, {""input"": {""num_courses"": 3, ""prerequisites"": [[1, 0], [2, 1]], ""max_courses_per_semester"": 1}, ""expected_output"": 3}, {""input"": {""num_courses"": 5, ""prerequisites"": [[0, 1], [0, 2], [1, 3], [2, 3], [3, 4]], ""max_courses_per_semester"": 2}, ""expected_output"": 3}, {""input"": {""num_courses"": 3, ""prerequisites"": [], ""max_courses_per_semester"": 2}, ""expected_output"": 2}]"
346,Check if Edge is in MST,"Given a weighted undirected graph represented by a list of edges and the number of vertices, determine if a specific edge is part of any Minimum Spanning Tree (MST) of the graph. Return 1 if the edge can be part of an MST, and 0 otherwise. Assume the graph is connected.",Easy,2025-03-16T18:33:19.361346+00:00,2025-03-16T18:33:19.361346+00:00,"[{""input"": {""edges"": [{""u"": 0, ""v"": 1, ""weight"": 1}, {""u"": 0, ""v"": 2, ""weight"": 2}, {""u"": 1, ""v"": 2, ""weight"": 3}, {""u"": 1, ""v"": 3, ""weight"": 5}, {""u"": 2, ""v"": 3, ""weight"": 4}], ""target_edge"": {""u"": 0, ""v"": 1, ""weight"": 1}, ""num_vertices"": 4}, ""output"": 1}, {""input"": {""edges"": [{""u"": 0, ""v"": 1, ""weight"": 1}, {""u"": 0, ""v"": 2, ""weight"": 2}, {""u"": 1, ""v"": 2, ""weight"": 3}, {""u"": 1, ""v"": 3, ""weight"": 5}, {""u"": 2, ""v"": 3, ""weight"": 4}], ""target_edge"": {""u"": 1, ""v"": 2, ""weight"": 3}, ""num_vertices"": 4}, ""output"": 0}]","[""The graph is connected."", ""1 <= weight <= 1000"", ""0 <= u, v < num_vertices"", ""num_vertices - 1 <= len(edges) <= num_vertices * (num_vertices - 1) / 2"", ""2 <= num_vertices <= 100""]","[{""input"": {""edges"": [{""u"": 0, ""v"": 1, ""weight"": 1}, {""u"": 0, ""v"": 2, ""weight"": 2}, {""u"": 1, ""v"": 2, ""weight"": 3}, {""u"": 1, ""v"": 3, ""weight"": 5}, {""u"": 2, ""v"": 3, ""weight"": 4}], ""target_edge"": {""u"": 0, ""v"": 1, ""weight"": 1}, ""num_vertices"": 4}, ""expected_output"": 1}, {""input"": {""edges"": [{""u"": 0, ""v"": 1, ""weight"": 1}, {""u"": 0, ""v"": 2, ""weight"": 2}, {""u"": 1, ""v"": 2, ""weight"": 3}, {""u"": 1, ""v"": 3, ""weight"": 5}, {""u"": 2, ""v"": 3, ""weight"": 4}], ""target_edge"": {""u"": 1, ""v"": 2, ""weight"": 3}, ""num_vertices"": 4}, ""expected_output"": 0}, {""input"": {""edges"": [{""u"": 0, ""v"": 1, ""weight"": 5}, {""u"": 0, ""v"": 2, ""weight"": 10}, {""u"": 1, ""v"": 2, ""weight"": 3}, {""u"": 1, ""v"": 3, ""weight"": 1}, {""u"": 2, ""v"": 4, ""weight"": 2}, {""u"": 3, ""v"": 4, ""weight"": 8}], ""target_edge"": {""u"": 1, ""v"": 3, ""weight"": 1}, ""num_vertices"": 5}, ""expected_output"": 1}, {""input"": {""edges"": [{""u"": 0, ""v"": 1, ""weight"": 1}, {""u"": 0, ""v"": 2, ""weight"": 5}, {""u"": 1, ""v"": 2, ""weight"": 2}], ""target_edge"": {""u"": 0, ""v"": 2, ""weight"": 5}, ""num_vertices"": 3}, ""expected_output"": 0}, {""input"": {""edges"": [{""u"": 0, ""v"": 1, ""weight"": 4}, {""u"": 0, ""v"": 2, ""weight"": 3}, {""u"": 1, ""v"": 2, ""weight"": 1}, {""u"": 1, ""v"": 3, ""weight"": 2}, {""u"": 2, ""v"": 3, ""weight"": 4}, {""u"": 3, ""v"": 4, ""weight"": 5}, {""u"": 4, ""v"": 5, ""weight"": 6}], ""target_edge"": {""u"": 4, ""v"": 5, ""weight"": 6}, ""num_vertices"": 6}, ""expected_output"": 1}]"
353,Prefix Existence,"Implement a Trie data structure and use it to determine if any string in a given list of strings is a prefix of another string in the same list. Return 1 if such a prefix exists, and 0 otherwise.",Medium,2025-03-16T18:37:55.803968+00:00,2025-03-16T18:37:55.803968+00:00,"[{""input"": {""words"": [""apple"", ""app"", ""apricot""]}, ""output"": 1}, {""input"": {""words"": [""cat"", ""dog"", ""bird""]}, ""output"": 0}]","[""words[i] consists of lowercase English letters"", ""1 \u2264 words[i].length \u2264 20"", ""1 \u2264 words.length \u2264 10^4""]","[{""input"": {""words"": [""apple"", ""app"", ""apricot""]}, ""expected_output"": 1}, {""input"": {""words"": [""cat"", ""dog"", ""bird""]}, ""expected_output"": 0}, {""input"": {""words"": [""a"", ""b"", ""c""]}, ""expected_output"": 0}, {""input"": {""words"": [""aa"", ""aaa"", ""aaaa""]}, ""expected_output"": 1}, {""input"": {""words"": [""abc"", ""ab"", ""abcd"", ""a""]}, ""expected_output"": 1}]"
356,Valid Parentheses with Wildcard,"Given a string s containing just the characters '(', ')', and '*', determine if the string is valid. The string is valid if:

1. Every left parenthesis '(' must have a corresponding right parenthesis ')'.
2. Every right parenthesis ')' must have a corresponding left parenthesis '('.
3. Left parenthesis '(' must go before the corresponding right parenthesis ')'.
4. '*' could be treated as a single right parenthesis ')' or a single left parenthesis '(' or an empty string.

Return 1 if the string is valid, otherwise return 0.",Medium,2025-03-16T18:40:26.381602+00:00,2025-03-16T18:40:26.381602+00:00,"[{""input"": {""s"": ""()""}, ""output"": 1}, {""input"": {""s"": ""(*)""}, ""output"": 1}, {""input"": {""s"": ""(*))""}, ""output"": 1}]","[""s[i] is '(' , ')' or '*'"", ""1 <= s.length <= 100""]","[{""input"": {""s"": ""()""}, ""expected_output"": 1}, {""input"": {""s"": ""(*)""}, ""expected_output"": 1}, {""input"": {""s"": ""(*))""}, ""expected_output"": 1}, {""input"": {""s"": ""((""}, ""expected_output"": 0}, {""input"": {""s"": ""))""}, ""expected_output"": 0}, {""input"": {""s"": "")*(""}, ""expected_output"": 0}, {""input"": {""s"": ""(((((((((((((((((((((((((((((((((((((((((((((((((((((((((((((((((((((((((((((((((((((((((((((((((((((((((((((((((((((((((((((((((((((((((((((((((((((((((((((((((((((((((((((((((((((((((((((((((((((((((((((((((((((((((((((((((((((((((((((((((((((((""}, ""expected_output"": 0}, {""input"": {""s"": ""*""}, ""expected_output"": 1}]"
357,Valid Password,"Given a string representing a password, determine if it is a valid password based on the following criteria:

1.  The password must be at least 8 characters long.
2.  The password must contain at least one uppercase letter.
3.  The password must contain at least one lowercase letter.
4.  The password must contain at least one digit.
5.  The password must contain at least one special character (e.g., !, @, #, $, %, ^, &, *).

Return 1 if the password is valid, otherwise return 0.",Medium,2025-03-16T18:43:04.097195+00:00,2025-03-16T18:43:04.097195+00:00,"[{""input"": {""password"": ""P@sswOrd123""}, ""output"": 1}, {""input"": {""password"": ""short""}, ""output"": 0}]","[""Password contains only ASCII characters."", ""1 \u2264 password.length \u2264 100""]","[{""input"": {""password"": ""P@sswOrd123""}, ""expected_output"": 1}, {""input"": {""password"": ""Short1""}, ""expected_output"": 0}, {""input"": {""password"": ""PasswordWithoutSpecial1""}, ""expected_output"": 0}, {""input"": {""password"": ""PASSWORD1!""}, ""expected_output"": 0}, {""input"": {""password"": ""password1!""}, ""expected_output"": 0}, {""input"": {""password"": ""PasswOrd!""}, ""expected_output"": 0}, {""input"": {""password"": ""P@$$wOrd""}, ""expected_output"": 0}, {""input"": {""password"": ""P@sswOrd""}, ""expected_output"": 0}, {""input"": {""password"": ""P@sswOrd""}, ""expected_output"": 0}]"
366,Prefix Check in Word List,"Given a list of strings `words`, determine if there exists any pair of distinct words (word1, word2) in the list such that word1 is a prefix of word2. Return 1 if such a pair exists, otherwise return 0.",Medium,2025-03-16T20:41:44.084311+00:00,2025-03-16T20:41:44.084311+00:00,"[{""input"": {""words"": [""apple"", ""app"", ""banana""]}, ""output"": 1}, {""input"": {""words"": [""hello"", ""world"", ""hi""]}, ""output"": 0}]","[""words[i] consists of lowercase English letters"", ""1 \u2264 words[i].length \u2264 50"", ""1 \u2264 words.length \u2264 10^4""]","[{""input"": {""words"": [""apple"", ""app"", ""banana""]}, ""expected_output"": 1}, {""input"": {""words"": [""hello"", ""world"", ""hi""]}, ""expected_output"": 0}, {""input"": {""words"": [""a"", ""ab"", ""abc""]}, ""expected_output"": 1}, {""input"": {""words"": [""ab"", ""a"", ""abc""]}, ""expected_output"": 1}, {""input"": {""words"": [""abc"", ""ab"", ""a""]}, ""expected_output"": 1}, {""input"": {""words"": [""car"", ""card"", ""cards""]}, ""expected_output"": 1}, {""input"": {""words"": [""dog"", ""racecar"", ""car""]}, ""expected_output"": 1}]"
369,Subarray Sum,"Given an array of integers nums and an integer k, return 1 if there exists a contiguous subarray of size k that sums up to a target value, otherwise return 0.",Easy,2025-03-16T20:42:57.646974+00:00,2025-03-16T20:42:57.646974+00:00,"[{""input"": {""k"": 4, ""nums"": [1, 4, 2, 10, 2, 3, 1, 0, 20], ""target"": 17}, ""output"": 1}, {""input"": {""k"": 2, ""nums"": [1, 2, 3, 4, 5], ""target"": 7}, ""output"": 1}]","[""-10^4 \u2264 target \u2264 10^4"", ""-10^3 \u2264 nums[i] \u2264 10^3"", ""1 \u2264 k \u2264 nums.length"", ""2 \u2264 nums.length \u2264 10^5""]","[{""input"": {""k"": 4, ""nums"": [1, 4, 2, 10, 2, 3, 1, 0, 20], ""target"": 17}, ""expected_output"": 1}, {""input"": {""k"": 2, ""nums"": [1, 2, 3, 4, 5], ""target"": 7}, ""expected_output"": 1}, {""input"": {""k"": 3, ""nums"": [1, 2, 3, 4, 5], ""target"": 15}, ""expected_output"": 0}, {""input"": {""k"": 1, ""nums"": [5, 5, 5, 5, 5], ""target"": 5}, ""expected_output"": 1}, {""input"": {""k"": 3, ""nums"": [10, 20, 30], ""target"": 60}, ""expected_output"": 1}]"
370,Check Subset,"Given two arrays of integers, arr1 and arr2, return 1 if arr1 is a subset of arr2 (meaning all elements in arr1 are also present in arr2), otherwise return 0.",Easy,2025-03-16T20:43:11.978799+00:00,2025-03-16T20:43:11.978799+00:00,"[{""input"": {""arr1"": [1, 2, 3], ""arr2"": [1, 2, 3, 4, 5]}, ""output"": 1}, {""input"": {""arr1"": [1, 2, 6], ""arr2"": [1, 2, 3, 4, 5]}, ""output"": 0}]","[""-100 \u2264 arr2[i] \u2264 100"", ""-100 \u2264 arr1[i], arr2[i] \u2264 100"", ""1 \u2264 arr2.length \u2264 1000"", ""1 \u2264 arr1.length \u2264 100""]","[{""input"": {""arr1"": [1, 2, 3], ""arr2"": [1, 2, 3, 4, 5]}, ""expected_output"": 1}, {""input"": {""arr1"": [1, 2, 6], ""arr2"": [1, 2, 3, 4, 5]}, ""expected_output"": 0}, {""input"": {""arr1"": [], ""arr2"": [1, 2, 3]}, ""expected_output"": 1}, {""input"": {""arr1"": [1, 1, 2], ""arr2"": [1, 2, 3]}, ""expected_output"": 1}, {""input"": {""arr1"": [4, 5, 6], ""arr2"": [1, 2, 3]}, ""expected_output"": 0}]"
377,Subarray Sum Greater Than Target,"Given an array of integers `nums` and an integer `target`, return 1 if there exists a subarray of size 3 whose sum is strictly greater than `target`, otherwise return 0.",Easy,2025-03-16T20:44:57.456920+00:00,2025-03-16T20:44:57.456920+00:00,"[{""input"": {""nums"": [1, 2, 3, 4, 5], ""target"": 6}, ""output"": 1}, {""input"": {""nums"": [1, 1, 1, 1, 1], ""target"": 5}, ""output"": 0}]","[""0 \u2264 target \u2264 10^6"", ""-10^3 \u2264 nums[i] \u2264 10^3"", ""3 \u2264 nums.length \u2264 10^4""]","[{""input"": {""nums"": [1, 2, 3, 4, 5], ""target"": 6}, ""expected_output"": 1}, {""input"": {""nums"": [1, 1, 1, 1, 1], ""target"": 5}, ""expected_output"": 0}, {""input"": {""nums"": [10, 2, 3, 4, 5], ""target"": 1}, ""expected_output"": 1}, {""input"": {""nums"": [-1, -2, -3, 10, 5], ""target"": -5}, ""expected_output"": 1}, {""input"": {""nums"": [1, 2, 3], ""target"": 6}, ""expected_output"": 0}, {""input"": {""nums"": [1, 2, 3], ""target"": 5}, ""expected_output"": 1}]"
379,Word Search in Trie,"Given a list of words, build a Trie from these words. Then, given a target word, determine if the target word exists in the Trie. Return 1 if the word exists, and 0 otherwise.",Easy,2025-03-16T20:45:30.854568+00:00,2025-03-16T20:45:30.854568+00:00,"[{""input"": {""words"": [""apple"", ""banana""], ""targetWord"": ""orange""}, ""output"": 0}, {""input"": {""words"": [""apple"", ""banana""], ""targetWord"": ""apple""}, ""output"": 1}]","[""words[i] and targetWord consist of lowercase English letters."", ""1 \u2264 targetWord.length \u2264 20"", ""1 \u2264 words[i].length \u2264 20"", ""1 \u2264 words.length \u2264 100""]","[{""input"": {""words"": [""apple"", ""banana""], ""targetWord"": ""apple""}, ""expected_output"": 1}, {""input"": {""words"": [""apple"", ""banana""], ""targetWord"": ""orange""}, ""expected_output"": 0}, {""input"": {""words"": [""car"", ""card""], ""targetWord"": ""card""}, ""expected_output"": 1}, {""input"": {""words"": [""car"", ""card""], ""targetWord"": ""carpet""}, ""expected_output"": 0}, {""input"": {""words"": [], ""targetWord"": ""apple""}, ""expected_output"": 0}]"
385,Valid Email,"Given a string, return 1 if the string is a valid simplified email address, otherwise return 0. A valid simplified email address must contain exactly one '@' symbol, at least one '.' after the '@' symbol, and only consist of alphanumeric characters, '.', '@', '+', '-', '_'.",Easy,2025-03-16T20:47:35.175365+00:00,2025-03-16T20:47:35.175365+00:00,"[{""input"": {""email"": ""example@example.com""}, ""output"": 1}, {""input"": {""email"": ""invalid-email""}, ""output"": 0}]","[""email consists of ASCII characters"", ""1 \u2264 email.length \u2264 100""]","[{""input"": {""email"": ""example@example.com""}, ""expected_output"": 1}, {""input"": {""email"": ""user+filter@example.net""}, ""expected_output"": 1}, {""input"": {""email"": ""no-at-symbol.com""}, ""expected_output"": 0}, {""input"": {""email"": ""missing.dot@com""}, ""expected_output"": 0}, {""input"": {""email"": ""invalid.chars!@example.com""}, ""expected_output"": 0}]"
386,Perfect Number,"Given a positive integer n, return 1 if n is a perfect number, otherwise return 0. A perfect number is a positive integer that is equal to the sum of its proper divisors (divisors excluding the number itself).",Medium,2025-03-16T20:47:48.431197+00:00,2025-03-16T20:47:48.431197+00:00,"[{""input"": {""n"": 6}, ""output"": 1}, {""input"": {""n"": 28}, ""output"": 1}]","[""1 \u2264 n \u2264 10^6""]","[{""input"": {""n"": 6}, ""expected_output"": 1}, {""input"": {""n"": 28}, ""expected_output"": 1}, {""input"": {""n"": 496}, ""expected_output"": 1}, {""input"": {""n"": 8128}, ""expected_output"": 1}, {""input"": {""n"": 10}, ""expected_output"": 0}]"
397,B-Tree Node Keys Sorted,"Given a list of integers representing the keys within a B-Tree node, determine if the keys are sorted in non-decreasing order. Return 1 if the keys are sorted, otherwise return 0.",Easy,2025-03-16T20:52:21.784347+00:00,2025-03-16T20:52:21.784347+00:00,"[{""input"": {""keys"": [2, 5, 7, 9]}, ""output"": 1}, {""input"": {""keys"": [2, 7, 5, 9]}, ""output"": 0}]","[""-1000 \u2264 keys[i] \u2264 1000"", ""0 \u2264 keys.length \u2264 100""]","[{""input"": {""keys"": [2, 5, 7, 9]}, ""expected_output"": 1}, {""input"": {""keys"": [2, 7, 5, 9]}, ""expected_output"": 0}, {""input"": {""keys"": [5]}, ""expected_output"": 1}, {""input"": {""keys"": []}, ""expected_output"": 1}, {""input"": {""keys"": [10, 5, 20]}, ""expected_output"": 0}]"
399,Minimum Window Subarray Sum,"Given an array of positive integers `nums` and a positive integer `target`, find the minimum length of a contiguous subarray whose sum is greater than or equal to `target`. If there is no such subarray, return 0.",Hard,2025-03-16T20:53:14.494153+00:00,2025-03-16T20:53:14.494153+00:00,"[{""input"": {""nums"": [2, 3, 1, 2, 4, 3], ""target"": 7}, ""output"": 2}, {""input"": {""nums"": [1, 4, 4], ""target"": 4}, ""output"": 1}]","[""1 \u2264 target \u2264 10^9"", ""1 \u2264 nums[i] \u2264 100"", ""1 \u2264 nums.length \u2264 10^5""]","[{""input"": {""nums"": [2, 3, 1, 2, 4, 3], ""target"": 7}, ""expected_output"": 2}, {""input"": {""nums"": [1, 4, 4], ""target"": 4}, ""expected_output"": 1}, {""input"": {""nums"": [1, 1, 1, 1, 1], ""target"": 15}, ""expected_output"": 0}, {""input"": {""nums"": [5, 1, 3, 5, 10, 7, 4, 9, 2, 8], ""target"": 15}, ""expected_output"": 2}, {""input"": {""nums"": [1, 2, 3, 4, 5], ""target"": 11}, ""expected_output"": 3}]"
407,Is AVL Balanced,"Given the root of a binary tree, determine if it is height-balanced. A height-balanced binary tree is defined as a binary tree in which the height difference between the left and right subtrees of every node is no more than 1.",Easy,2025-03-16T20:56:12.631991+00:00,2025-03-16T20:56:12.631991+00:00,"[{""input"": {""root"": {""val"": 3, ""left"": {""val"": 9, ""left"": null, ""right"": null}, ""right"": {""val"": 20, ""left"": {""val"": 15, ""left"": null, ""right"": null}, ""right"": {""val"": 7, ""left"": null, ""right"": null}}}}, ""output"": 1}, {""input"": {""root"": {""val"": 1, ""left"": {""val"": 2, ""left"": {""val"": 3, ""left"": {""val"": 4, ""left"": null, ""right"": null}, ""right"": null}, ""right"": null}, ""right"": {""val"": 2, ""left"": null, ""right"": null}}}, ""output"": 0}]","[""-10^4 <= Node.val <= 10^4"", ""The number of nodes in the tree is in the range [0, 5000].""]","[{""input"": {""root"": null}, ""expected_output"": 1}, {""input"": {""root"": {""val"": 1, ""left"": null, ""right"": null}}, ""expected_output"": 1}, {""input"": {""root"": {""val"": 1, ""left"": {""val"": 2, ""left"": null, ""right"": null}, ""right"": null}}, ""expected_output"": 1}, {""input"": {""root"": {""val"": 1, ""left"": {""val"": 2, ""left"": {""val"": 3, ""left"": null, ""right"": null}, ""right"": null}, ""right"": null}}, ""expected_output"": 0}, {""input"": {""root"": {""val"": 1, ""left"": null, ""right"": {""val"": 2, ""left"": {""val"": 3, ""left"": null, ""right"": null}, ""right"": null}}}, ""expected_output"": 0}]"
408,StartsWith,"Given two strings, text and prefix, return 1 if the string text starts with the string prefix, otherwise return 0.",Easy,2025-03-16T20:56:29.010666+00:00,2025-03-16T20:56:29.010666+00:00,"[{""input"": {""text"": ""hello world"", ""prefix"": ""hello""}, ""output"": 1}, {""input"": {""text"": ""world hello"", ""prefix"": ""hello""}, ""output"": 0}]","[""text and prefix consist of lowercase English letters"", ""1 \u2264 prefix.length \u2264 100"", ""1 \u2264 text.length \u2264 100""]","[{""input"": {""text"": ""programming"", ""prefix"": ""pro""}, ""expected_output"": 1}, {""input"": {""text"": ""coding"", ""prefix"": ""code""}, ""expected_output"": 1}, {""input"": {""text"": ""algorithm"", ""prefix"": ""algori""}, ""expected_output"": 1}, {""input"": {""text"": ""data structure"", ""prefix"": ""structure""}, ""expected_output"": 0}, {""input"": {""text"": ""openai"", ""prefix"": ""open""}, ""expected_output"": 1}, {""input"": {""text"": ""short"", ""prefix"": ""shorter""}, ""expected_output"": 0}, {""input"": {""text"": ""longerprefix"", ""prefix"": ""long""}, ""expected_output"": 1}]"
416,Prefix and Suffix Search,"Given a list of words and a query word, determine if there exists at least one word in the list that starts with the prefix of the query word and ends with the suffix of the query word.  The query word is split into prefix and suffix at a given index. You need to efficiently check for the existence of such a word in the given list.",Hard,2025-03-16T21:00:55.296926+00:00,2025-03-16T21:00:55.296926+00:00,"[{""input"": {""query"": ""applepie"", ""words"": [""apple"", ""apply"", ""banana"", ""appeal""], ""split_index"": 5}, ""output"": 1}, {""input"": {""query"": ""bananapeel"", ""words"": [""apple"", ""apply"", ""banana"", ""appeal""], ""split_index"": 6}, ""output"": 0}]","[""words[i] and query consist of lowercase English letters."", ""0 \u2264 split_index \u2264 query.length"", ""1 \u2264 query.length \u2264 20"", ""1 \u2264 words[i].length \u2264 10"", ""1 \u2264 words.length \u2264 10^4""]","[{""input"": {""query"": ""applepie"", ""words"": [""apple"", ""apply"", ""banana"", ""appeal""], ""split_index"": 5}, ""expected_output"": 1}, {""input"": {""query"": ""bananapeel"", ""words"": [""apple"", ""apply"", ""banana"", ""appeal""], ""split_index"": 6}, ""expected_output"": 0}, {""input"": {""query"": ""carpet"", ""words"": [""cat"", ""car"", ""can"", ""dog""], ""split_index"": 3}, ""expected_output"": 1}, {""input"": {""query"": ""candies"", ""words"": [""cat"", ""car"", ""can"", ""dog""], ""split_index"": 3}, ""expected_output"": 1}, {""input"": {""query"": ""dogmatic"", ""words"": [""cat"", ""car"", ""can"", ""dog""], ""split_index"": 3}, ""expected_output"": 1}, {""input"": {""query"": ""fishbone"", ""words"": [""cat"", ""car"", ""can"", ""dog""], ""split_index"": 4}, ""expected_output"": 0}]"
418,Prefix Sum Check,"Given an array of integers nums and an integer target, return 1 if there exists a prefix sum of the array that is greater than or equal to the target, otherwise return 0. You should use a Binary Indexed Tree (Fenwick Tree) to calculate prefix sums, although for this easy problem, a simple prefix sum calculation would also suffice.",Easy,2025-03-16T21:01:29.661438+00:00,2025-03-16T21:01:29.661438+00:00,"[{""input"": {""nums"": [1, 2, 3, 4], ""target"": 5}, ""output"": 1}, {""input"": {""nums"": [-1, -2, -3], ""target"": 0}, ""output"": 0}]","[""-10^9 \u2264 target \u2264 10^9"", ""-10^9 \u2264 nums[i] \u2264 10^9"", ""1 \u2264 nums.length \u2264 10^4""]","[{""input"": {""nums"": [1, 2, 3, 4], ""target"": 5}, ""expected_output"": 1}, {""input"": {""nums"": [-1, -2, -3], ""target"": 0}, ""expected_output"": 0}, {""input"": {""nums"": [5, -2, 3], ""target"": 5}, ""expected_output"": 1}, {""input"": {""nums"": [0], ""target"": 0}, ""expected_output"": 1}, {""input"": {""nums"": [-5], ""target"": 0}, ""expected_output"": 0}, {""input"": {""nums"": [1, 1, 1, 1], ""target"": 4}, ""expected_output"": 1}, {""input"": {""nums"": [1, 1, 1, 1], ""target"": 5}, ""expected_output"": 0}]"
424,String Starts and Ends with Pattern,"Given a string, check if it starts with the character 'a' and ends with the character 'b'. Return 1 if it does, and 0 otherwise.",Easy,2025-03-16T21:03:41.377667+00:00,2025-03-16T21:03:41.377667+00:00,"[{""input"": {""string"": ""axb""}, ""output"": 1}, {""input"": {""string"": ""ac""}, ""output"": 0}]","[""string consists of lowercase English letters."", ""1 \u2264 string.length \u2264 100""]","[{""input"": {""string"": ""axb""}, ""expected_output"": 1}, {""input"": {""string"": ""ac""}, ""expected_output"": 0}, {""input"": {""string"": ""cb""}, ""expected_output"": 0}, {""input"": {""string"": ""ab""}, ""expected_output"": 1}, {""input"": {""string"": ""aab""}, ""expected_output"": 1}, {""input"": {""string"": ""abb""}, ""expected_output"": 1}, {""input"": {""string"": ""abc""}, ""expected_output"": 1}, {""input"": {""string"": ""axbc""}, ""expected_output"": 0}, {""input"": {""string"": ""bxba""}, ""expected_output"": 0}, {""input"": {""string"": ""ba""}, ""expected_output"": 0}, {""input"": {""string"": ""a""}, ""expected_output"": 0}, {""input"": {""string"": ""b""}, ""expected_output"": 0}]"
429,Maximum Bipartite Matching,"Given two sets of items, set A and set B, and a list of allowed pairings between items from set A and set B, determine if it's possible to find a matching such that every item in set A is matched with a unique item in set B. Return 1 if possible, 0 otherwise.",Medium,2025-03-16T21:07:42.483026+00:00,2025-03-16T21:07:42.483026+00:00,"[{""input"": {""setA"": [1, 2], ""setB"": [3, 4], ""pairings"": [[1, 3], [2, 4]]}, ""output"": 1}, {""input"": {""setA"": [1, 2, 3], ""setB"": [4, 5], ""pairings"": [[1, 4], [2, 5], [3, 4], [3, 5]]}, ""output"": 0}]","[""Each item in setA and setB is a unique integer."", ""0 <= pairings.length <= 1000"", ""1 <= setB.length <= 100"", ""1 <= setA.length <= 100""]","[{""input"": {""setA"": [1, 2], ""setB"": [3, 4], ""pairings"": [[1, 3], [2, 4]]}, ""expected_output"": 1}, {""input"": {""setA"": [1, 2, 3], ""setB"": [4, 5], ""pairings"": [[1, 4], [2, 5], [3, 4], [3, 5]]}, ""expected_output"": 0}, {""input"": {""setA"": [1], ""setB"": [2], ""pairings"": []}, ""expected_output"": 0}, {""input"": {""setA"": [1, 2], ""setB"": [3, 4], ""pairings"": [[1, 3]]}, ""expected_output"": 0}, {""input"": {""setA"": [1, 2], ""setB"": [3, 4, 5], ""pairings"": [[1, 3], [1, 4], [2, 5]]}, ""expected_output"": 1}]"
434,Recursive Array Search,"Given an array of integers nums and an integer target, return 1 if the target exists in the array using recursion, otherwise return 0.",Easy,2025-03-16T21:09:32.541238+00:00,2025-03-16T21:09:32.541238+00:00,"[{""input"": {""nums"": [1, 2, 3, 4, 5], ""target"": 3}, ""output"": 1}, {""input"": {""nums"": [10, 20, 30, 40, 50], ""target"": 25}, ""output"": 0}]","[""-100 \u2264 target \u2264 100"", ""-100 \u2264 nums[i] \u2264 100"", ""1 \u2264 nums.length \u2264 100""]","[{""input"": {""nums"": [1, 2, 3, 4, 5], ""target"": 3}, ""expected_output"": 1}, {""input"": {""nums"": [10, 20, 30, 40, 50], ""target"": 25}, ""expected_output"": 0}, {""input"": {""nums"": [-1, -2, -3, -4, -5], ""target"": -3}, ""expected_output"": 1}, {""input"": {""nums"": [7, 8, 9, 10], ""target"": 6}, ""expected_output"": 0}, {""input"": {""nums"": [5, 5, 5, 5, 5], ""target"": 5}, ""expected_output"": 1}]"
438,Prefix Check in Word List using Trie,"Given a list of words, determine if there exist two *distinct* words in the list such that one word is a prefix of the other. Return 1 if such a pair exists, otherwise return 0. Implement this using a Trie data structure.",Medium,2025-03-16T21:10:43.003741+00:00,2025-03-16T21:10:43.003741+00:00,"[{""input"": {""words"": [""apple"", ""app"", ""banana""]}, ""output"": 1}, {""input"": {""words"": [""apple"", ""banana"", ""orange""]}, ""output"": 0}]","[""words[i] consists of lowercase English letters"", ""1 \u2264 words[i].length \u2264 50"", ""2 \u2264 words.length \u2264 10^4""]","[{""input"": {""words"": [""apple"", ""app"", ""banana""]}, ""expected_output"": 1}, {""input"": {""words"": [""apple"", ""banana"", ""orange""]}, ""expected_output"": 0}, {""input"": {""words"": [""a"", ""ab"", ""abc""]}, ""expected_output"": 1}, {""input"": {""words"": [""abc"", ""ab"", ""a""]}, ""expected_output"": 1}, {""input"": {""words"": [""car"", ""card"", ""cards""]}, ""expected_output"": 1}, {""input"": {""words"": [""superman"", ""super""]}, ""expected_output"": 1}, {""input"": {""words"": [""dog"", ""racecar""]}, ""expected_output"": 0}]"
441,Range Sum Query Check,"Given an array of integers `nums` and a query range `[l, r]` (inclusive, 0-indexed), and a target sum `target`, determine if the sum of elements in `nums` within the range `[l, r]` is equal to `target`. You should use a Segment Tree to efficiently calculate the range sum. Return 1 if the range sum equals the target, and 0 otherwise.",Easy,2025-03-16T21:12:57.963674+00:00,2025-03-16T21:12:57.963674+00:00,"[{""input"": {""l"": 1, ""r"": 3, ""nums"": [1, 3, 5, 7, 9], ""target"": 15}, ""output"": 1}, {""input"": {""l"": 0, ""r"": 1, ""nums"": [1, 3, 5, 7, 9], ""target"": 5}, ""output"": 0}]","[""-10^9 \u2264 target \u2264 10^9"", ""0 \u2264 l \u2264 r < nums.length"", ""-10^9 \u2264 nums[i] \u2264 10^9"", ""1 \u2264 nums.length \u2264 10^5""]","[{""input"": {""l"": 1, ""r"": 3, ""nums"": [1, 3, 5, 7, 9], ""target"": 15}, ""expected_output"": 1}, {""input"": {""l"": 0, ""r"": 1, ""nums"": [1, 3, 5, 7, 9], ""target"": 5}, ""expected_output"": 0}, {""input"": {""l"": 2, ""r"": 4, ""nums"": [10, 20, 30, 40, 50], ""target"": 120}, ""expected_output"": 1}, {""input"": {""l"": 0, ""r"": 0, ""nums"": [10, 20, 30, 40, 50], ""target"": 10}, ""expected_output"": 1}, {""input"": {""l"": 0, ""r"": 4, ""nums"": [1, 2, 3, 4, 5], ""target"": 16}, ""expected_output"": 0}]"
442,String Contains Only Digits,"Given a string, return 1 if the string contains only digits (0-9), otherwise return 0.",Easy,2025-03-16T21:13:11.304847+00:00,2025-03-16T21:13:11.304847+00:00,"[{""input"": {""text"": ""12345""}, ""output"": 1}, {""input"": {""text"": ""abc12""}, ""output"": 0}]","[""0 \u2264 text.length \u2264 100""]","[{""input"": {""text"": ""123""}, ""expected_output"": 1}, {""input"": {""text"": ""4567890""}, ""expected_output"": 1}, {""input"": {""text"": ""xyz""}, ""expected_output"": 0}, {""input"": {""text"": "" ""}, ""expected_output"": 0}, {""input"": {""text"": ""a1b2c3d4""}, ""expected_output"": 0}]"
445,Value in Linked List,"Given the head of a singly linked list and an integer target, return 1 if the target exists in the linked list, otherwise return 0.",Easy,2025-03-16T21:14:03.522300+00:00,2025-03-16T21:14:03.522300+00:00,"[{""input"": {""head"": [1, 2, 3, 4, 5], ""target"": 3}, ""output"": 1}, {""input"": {""head"": [1, 2, 3, 4, 5], ""target"": 6}, ""output"": 0}]","[""-100 <= target <= 100"", ""-100 <= Node.val <= 100"", ""1 <= length of linked list <= 100""]","[{""input"": {""head"": [1, 2, 3, 4, 5], ""target"": 3}, ""expected_output"": 1}, {""input"": {""head"": [1, 2, 3, 4, 5], ""target"": 6}, ""expected_output"": 0}, {""input"": {""head"": [1], ""target"": 1}, ""expected_output"": 1}, {""input"": {""head"": [1], ""target"": 2}, ""expected_output"": 0}, {""input"": {""head"": [], ""target"": 1}, ""expected_output"": 0}]"
456,Deep Copy Linked List with Random Pointers,"Given a linked list where each node contains an additional random pointer which could point to any node in the list or null, create a deep copy of the list. Return 1 if the deep copy is correctly created (meaning the structure, values, and random pointers are identical to the original list), and 0 otherwise.",Hard,2025-03-16T21:20:54.538384+00:00,2025-03-16T21:20:54.538384+00:00,"[{""input"": {""head"": [{""val"": 1, ""random_index"": 2}, {""val"": 2, ""random_index"": -1}, {""val"": 3, ""random_index"": -1}]}, ""output"": 1}, {""input"": {""head"": [{""val"": 7, ""random_index"": -1}, {""val"": 13, ""random_index"": 0}, {""val"": 11, ""random_index"": 3}, {""val"": 10, ""random_index"": 0}, {""val"": 1, ""random_index"": 4}]}, ""output"": 1}]","[""random_index is either -1 or a valid index within the bounds of the list."", ""-1000 <= Node.val <= 1000"", ""0 <= list length <= 1000""]","[{""input"": {""head"": [{""val"": 1, ""random_index"": 2}, {""val"": 2, ""random_index"": -1}, {""val"": 3, ""random_index"": -1}]}, ""expected_output"": 1}, {""input"": {""head"": [{""val"": 7, ""random_index"": -1}, {""val"": 13, ""random_index"": 0}, {""val"": 11, ""random_index"": 3}, {""val"": 10, ""random_index"": 0}, {""val"": 1, ""random_index"": 4}]}, ""expected_output"": 1}, {""input"": {""head"": []}, ""expected_output"": 1}, {""input"": {""head"": [{""val"": 5, ""random_index"": -1}]}, ""expected_output"": 1}, {""input"": {""head"": [{""val"": 5, ""random_index"": 0}]}, ""expected_output"": 1}]"
460,Substring with At Least K Vowels,"Given a string 's' and an integer 'k', determine if there exists a substring of length 'k' that contains at least 3 vowels ('a', 'e', 'i', 'o', 'u'). Return 1 if such a substring exists, and 0 otherwise.",Medium,2025-03-16T21:22:55.564294+00:00,2025-03-16T21:22:55.564294+00:00,"[{""input"": {""k"": 5, ""s"": ""abceiouxyz""}, ""output"": 1}, {""input"": {""k"": 3, ""s"": ""bcdfghjkl""}, ""output"": 0}]","[""s consists of lowercase English letters."", ""1 \u2264 k \u2264 s.length"", ""1 \u2264 s.length \u2264 10^5""]","[{""input"": {""k"": 4, ""s"": ""aeioubc""}, ""expected_output"": 1}, {""input"": {""k"": 3, ""s"": ""abcdefg""}, ""expected_output"": 0}, {""input"": {""k"": 5, ""s"": ""baeiouxyz""}, ""expected_output"": 1}, {""input"": {""k"": 4, ""s"": ""xyzxyzxyz""}, ""expected_output"": 0}, {""input"": {""k"": 5, ""s"": ""aeiouaeiou""}, ""expected_output"": 1}]"
463,Anagram Checker with Cleaning,"Given two strings, determine if they are anagrams of each other after cleaning. Cleaning involves removing all non-alphanumeric characters and converting the strings to lowercase. Return 1 if the cleaned strings are anagrams, and 0 otherwise.",Medium,2025-03-16T21:24:49.060766+00:00,2025-03-16T21:24:49.060766+00:00,"[{""input"": {""str1"": ""Listen!"", ""str2"": ""Silent""}, ""output"": 1}, {""input"": {""str1"": ""hello world"", ""str2"": ""World, Hello""}, ""output"": 1}]","[""Strings can contain any ASCII characters."", ""1 \u2264 length of str1, str2 \u2264 10^5""]","[{""input"": {""str1"": ""Listen!"", ""str2"": ""Silent""}, ""expected_output"": 1}, {""input"": {""str1"": ""hello world"", ""str2"": ""World, Hello""}, ""expected_output"": 1}, {""input"": {""str1"": ""abc"", ""str2"": ""abd""}, ""expected_output"": 0}, {""input"": {""str1"": ""A man, a plan, a canal: Panama"", ""str2"": ""Panama canal plan a man""}, ""expected_output"": 1}, {""input"": {""str1"": ""Programming"", ""str2"": ""Gaming""}, ""expected_output"": 0}]"
465,String Starts and Ends With,"Given a string, a prefix, and a suffix, determine if the string starts with the given prefix and ends with the given suffix. Return 1 if it does, and 0 otherwise.",Easy,2025-03-16T21:25:24.603650+00:00,2025-03-16T21:25:24.603650+00:00,"[{""input"": {""prefix"": ""ban"", ""string"": ""banana"", ""suffix"": ""ana""}, ""output"": 1}, {""input"": {""prefix"": ""apple"", ""string"": ""orange"", ""suffix"": ""pie""}, ""output"": 0}]","[""string, prefix, and suffix consist of lowercase English letters"", ""1 \u2264 suffix.length \u2264 10"", ""1 \u2264 prefix.length \u2264 10"", ""1 \u2264 string.length \u2264 100""]","[{""input"": {""prefix"": ""app"", ""string"": ""applepie"", ""suffix"": ""pie""}, ""expected_output"": 1}, {""input"": {""prefix"": ""app"", ""string"": ""banana"", ""suffix"": ""pie""}, ""expected_output"": 0}, {""input"": {""prefix"": ""app"", ""string"": ""application"", ""suffix"": ""tion""}, ""expected_output"": 1}, {""input"": {""prefix"": ""pro"", ""string"": ""programming"", ""suffix"": ""ing""}, ""expected_output"": 1}, {""input"": {""prefix"": ""match"", ""string"": ""nomatch"", ""suffix"": ""no""}, ""expected_output"": 0}]"
472,Valid Email Check,"Given a string, determine if it is a valid simplified email address format. A valid email address in this problem follows these rules:
1. It must contain exactly one '@' symbol.
2. The part before the '@' (username) can contain alphanumeric characters, periods (.), underscores (_), and hyphens (-).
3. The part after the '@' and before the last period (domain) can contain alphanumeric characters and hyphens (-).
4. The part after the last period (extension) must contain only alphabetic characters and be between 2 and 3 characters long.

Return 1 if the input string is a valid email address according to these rules, and 0 otherwise.",Medium,2025-03-16T21:28:25.609354+00:00,2025-03-16T21:28:25.609354+00:00,"[{""input"": {""email"": ""test@example.com""}, ""output"": 1}, {""input"": {""email"": ""invalid-email""}, ""output"": 0}]","[""email consists of printable ASCII characters."", ""1 \u2264 email.length \u2264 100""]","[{""input"": {""email"": ""test@example.com""}, ""expected_output"": 1}, {""input"": {""email"": ""user.name@sub.domain.com""}, ""expected_output"": 0}, {""input"": {""email"": ""user_name-123@example-domain.net""}, ""expected_output"": 1}, {""input"": {""email"": ""very.common@example.museum""}, ""expected_output"": 1}, {""input"": {""email"": ""firstname+lastname@example.com""}, ""expected_output"": 0}]"
485,Sort by Reversal,"Given an array of distinct integers, determine if it can be sorted in ascending order by reversing exactly one subarray. Return 1 if it is possible, and 0 otherwise.",Medium,2025-03-18T11:34:01.912747+00:00,2025-03-18T11:34:01.912747+00:00,"[{""input"": {""nums"": [1, 2, 4, 3]}, ""output"": 1}, {""input"": {""nums"": [1, 5, 3, 4, 2]}, ""output"": 1}]","[""All elements in nums are distinct."", ""1 <= nums[i] <= 1000"", ""1 <= nums.length <= 100""]","[{""input"": {""nums"": [1, 2, 4, 3]}, ""expected_output"": 1}, {""input"": {""nums"": [1, 5, 3, 4, 2]}, ""expected_output"": 1}, {""input"": {""nums"": [1, 2, 3, 4, 5]}, ""expected_output"": 1}, {""input"": {""nums"": [3, 2, 1]}, ""expected_output"": 0}, {""input"": {""nums"": [1, 2, 5, 3, 4, 6]}, ""expected_output"": 1}, {""input"": {""nums"": [4, 3, 2, 1]}, ""expected_output"": 0}, {""input"": {""nums"": [1, 4, 3, 2, 5]}, ""expected_output"": 1}]"
489,Range Update Point Query,"You are given an array of size 'n' initialized with zeros. You are also given a series of update operations. Each update operation consists of a range [L, R] (inclusive) and you need to increment all the elements in this range by 1. After performing all the update operations, you are asked to determine if the value at a given index 'idx' is greater than 0. Return 1 if it is greater than 0, otherwise return 0.",Medium,2025-03-18T11:36:45.233607+00:00,2025-03-18T11:36:45.233607+00:00,"[{""input"": {""n"": 5, ""idx"": 1, ""updates"": [[0, 2], [1, 3]]}, ""output"": 1}, {""input"": {""n"": 5, ""idx"": 0, ""updates"": [[2, 4]]}, ""output"": 0}]","[""0 \u2264 idx < n"", ""0 \u2264 L \u2264 R < n for each update [L, R]"", ""1 \u2264 number of updates \u2264 10^4"", ""1 \u2264 n \u2264 10^5""]","[{""input"": {""n"": 5, ""idx"": 1, ""updates"": [[0, 2], [1, 3]]}, ""expected_output"": 1}, {""input"": {""n"": 5, ""idx"": 0, ""updates"": [[2, 4]]}, ""expected_output"": 0}, {""input"": {""n"": 3, ""idx"": 2, ""updates"": [[0, 2], [0, 2], [0, 2]]}, ""expected_output"": 1}, {""input"": {""n"": 4, ""idx"": 3, ""updates"": [[0, 0], [1, 1], [2, 2], [3, 3]]}, ""expected_output"": 1}, {""input"": {""n"": 6, ""idx"": 0, ""updates"": []}, ""expected_output"": 0}]"
497,Check Subarray Elements,"Given two arrays of integers, arr1 and arr2, determine if all elements of arr1 are present in arr2 with at least the same frequency. Return 1 if true, otherwise return 0.",Medium,2025-03-18T11:39:53.178659+00:00,2025-03-18T11:39:53.178659+00:00,"[{""input"": {""arr1"": [1, 2, 2], ""arr2"": [1, 2, 2, 3]}, ""output"": 1}, {""input"": {""arr1"": [1, 2, 3], ""arr2"": [1, 2]}, ""output"": 0}]","[""-10^9 \u2264 arr1[i], arr2[i] \u2264 10^9"", ""1 \u2264 arr1.length, arr2.length \u2264 10^5""]","[{""input"": {""arr1"": [1, 2, 2], ""arr2"": [1, 2, 2, 3]}, ""expected_output"": 1}, {""input"": {""arr1"": [1, 2, 3], ""arr2"": [1, 2]}, ""expected_output"": 0}, {""input"": {""arr1"": [1, 1, 2], ""arr2"": [1, 2]}, ""expected_output"": 0}, {""input"": {""arr1"": [4, 5, 6], ""arr2"": [1, 2, 3, 4, 5, 6]}, ""expected_output"": 1}, {""input"": {""arr1"": [7, 7, 7, 7], ""arr2"": [7, 7, 7]}, ""expected_output"": 0}]"
502,Common Element in Sorted Arrays,"Given two sorted arrays of integers, nums1 and nums2, return 1 if there is at least one common element between the two arrays. Otherwise, return 0.",Easy,2025-03-18T11:44:05.089848+00:00,2025-03-18T11:44:05.089848+00:00,"[{""input"": {""nums1"": [1, 2, 3, 4, 5], ""nums2"": [3, 6, 7, 8, 9]}, ""output"": 1}, {""input"": {""nums1"": [1, 2, 3], ""nums2"": [4, 5, 6]}, ""output"": 0}]","[""nums1 and nums2 are sorted in ascending order."", ""-10^9 <= nums1[i], nums2[i] <= 10^9"", ""1 <= nums1.length, nums2.length <= 10^4""]","[{""input"": {""nums1"": [1, 2, 3, 4, 5], ""nums2"": [3, 6, 7, 8, 9]}, ""expected_output"": 1}, {""input"": {""nums1"": [1, 2, 3], ""nums2"": [4, 5, 6]}, ""expected_output"": 0}, {""input"": {""nums1"": [2, 2, 3], ""nums2"": [2, 5, 6]}, ""expected_output"": 1}, {""input"": {""nums1"": [], ""nums2"": [1, 2, 3]}, ""expected_output"": 0}, {""input"": {""nums1"": [1, 2, 3], ""nums2"": []}, ""expected_output"": 0}]"
503,String Contains Substring,"Given two strings, `text` and `substring`, determine if `substring` is present within `text`. Return 1 if it is present, and 0 otherwise.",Easy,2025-03-18T11:44:53.208411+00:00,2025-03-18T11:44:53.208411+00:00,"[{""input"": {""text"": ""hello world"", ""substring"": ""world""}, ""output"": 1}, {""input"": {""text"": ""programming"", ""substring"": ""gram""}, ""output"": 1}]","[""Both `text` and `substring` consist of lowercase English letters."", ""1 \u2264 substring.length \u2264 10^5"", ""1 \u2264 text.length \u2264 10^5""]","[{""input"": {""text"": ""hello world"", ""substring"": ""world""}, ""expected_output"": 1}, {""input"": {""text"": ""abcdefg"", ""substring"": ""xyz""}, ""expected_output"": 0}, {""input"": {""text"": ""programming"", ""substring"": ""gram""}, ""expected_output"": 1}, {""input"": {""text"": ""mississippi"", ""substring"": ""sip""}, ""expected_output"": 1}, {""input"": {""text"": ""banana"", ""substring"": ""ana""}, ""expected_output"": 1}, {""input"": {""text"": ""apple"", ""substring"": ""ple""}, ""expected_output"": 1}, {""input"": {""text"": ""orange"", ""substring"": ""grape""}, ""expected_output"": 0}]"
504,Range Existence Query,"Given an array of integers and a query consisting of a number and a range (start and end indices, inclusive), determine if the number exists within the specified range in the array. Return 1 if the number exists at least once in the range, otherwise return 0.",Easy,2025-03-18T11:45:12.272988+00:00,2025-03-18T11:45:12.272988+00:00,"[{""input"": {""nums"": [1, 3, 5, 2, 7], ""range"": [1, 3], ""number"": 5}, ""output"": 1}, {""input"": {""nums"": [1, 3, 5, 2, 7], ""range"": [0, 2], ""number"": 4}, ""output"": 0}]","[""0 \u2264 range[0] \u2264 range[1] < nums.length"", ""-10^9 \u2264 number \u2264 10^9"", ""-10^9 \u2264 nums[i] \u2264 10^9"", ""1 \u2264 nums.length \u2264 10^4""]","[{""input"": {""nums"": [1, 3, 5, 2, 7], ""range"": [1, 3], ""number"": 5}, ""expected_output"": 1}, {""input"": {""nums"": [1, 3, 5, 2, 7], ""range"": [0, 2], ""number"": 4}, ""expected_output"": 0}, {""input"": {""nums"": [2, 2, 2], ""range"": [0, 2], ""number"": 2}, ""expected_output"": 1}, {""input"": {""nums"": [1, 2, 3, 4, 5], ""range"": [0, 4], ""number"": 6}, ""expected_output"": 0}, {""input"": {""nums"": [5, 4, 3, 2, 1], ""range"": [0, 0], ""number"": 5}, ""expected_output"": 1}]"
505,Maze Path,"Given a 2D grid representing a maze, where 0 represents a wall and 1 represents a path, determine if there is a path from the top-left corner (0, 0) to the bottom-right corner (R-1, C-1). Return 1 if a path exists, otherwise return 0.",Medium,2025-03-18T11:45:33.754906+00:00,2025-03-18T11:45:33.754906+00:00,"[{""input"": {""maze"": [[1, 0, 0, 0], [1, 1, 0, 1], [0, 1, 0, 0], [1, 1, 1, 1]]}, ""output"": 1}, {""input"": {""maze"": [[1, 0, 0, 0], [0, 0, 0, 0], [0, 0, 0, 0], [0, 0, 0, 1]]}, ""output"": 0}]","[""maze[i][j] is either 0 or 1"", ""1 <= R, C <= 100"", ""C == maze[0].length"", ""R == maze.length""]","[{""input"": {""maze"": [[1, 0, 0, 0], [1, 1, 0, 1], [0, 1, 0, 0], [1, 1, 1, 1]]}, ""expected_output"": 1}, {""input"": {""maze"": [[1, 0, 0, 0], [0, 0, 0, 0], [0, 0, 0, 0], [0, 0, 0, 1]]}, ""expected_output"": 0}, {""input"": {""maze"": [[1, 1, 1], [1, 0, 1], [1, 1, 1]]}, ""expected_output"": 1}, {""input"": {""maze"": [[1, 0, 1], [1, 0, 1], [1, 1, 1]]}, ""expected_output"": 1}, {""input"": {""maze"": [[0, 1], [1, 1]]}, ""expected_output"": 0}]"
520,Spanning Tree Edge Count,"Given the number of vertices in a connected graph, and a number of edges, determine if this number of edges is the correct number of edges required to form a spanning tree for this graph.  A spanning tree for a graph with V vertices must have exactly V-1 edges. Return 1 if the given number of edges is equal to V-1, and 0 otherwise.",Easy,2025-03-18T11:51:41.034923+00:00,2025-03-18T11:51:41.034923+00:00,"[{""input"": {""edges"": 4, ""vertices"": 5}, ""output"": 1}, {""input"": {""edges"": 5, ""vertices"": 3}, ""output"": 0}]","[""0 \u2264 edges \u2264 200"", ""2 \u2264 vertices \u2264 100""]","[{""input"": {""edges"": 1, ""vertices"": 2}, ""expected_output"": 1}, {""input"": {""edges"": 6, ""vertices"": 7}, ""expected_output"": 1}, {""input"": {""edges"": 2, ""vertices"": 4}, ""expected_output"": 0}, {""input"": {""edges"": 15, ""vertices"": 10}, ""expected_output"": 0}, {""input"": {""edges"": 19, ""vertices"": 20}, ""expected_output"": 1}]"
528,Non-Overlapping Intervals,"Given a list of intervals, where each interval is represented by a start and an end time, determine if there exist at least two non-overlapping intervals. Return 1 if there are at least two non-overlapping intervals, otherwise return 0.",Easy,2025-03-18T11:54:30.649018+00:00,2025-03-18T11:54:30.649018+00:00,"[{""input"": {""intervals"": [[1, 2], [2, 3], [3, 4]]}, ""output"": 1}, {""input"": {""intervals"": [[1, 3], [2, 4], [3, 5]]}, ""output"": 0}]","[""0 \u2264 intervals[i][0] < intervals[i][1] \u2264 1000"", ""intervals[i].length == 2"", ""2 \u2264 intervals.length \u2264 100""]","[{""input"": {""intervals"": [[1, 2], [2, 3], [3, 4]]}, ""expected_output"": 1}, {""input"": {""intervals"": [[1, 3], [2, 4], [3, 5]]}, ""expected_output"": 0}, {""input"": {""intervals"": [[1, 4], [2, 3]]}, ""expected_output"": 0}, {""input"": {""intervals"": [[1, 2], [3, 4], [1, 5]]}, ""expected_output"": 1}, {""input"": {""intervals"": [[5, 8], [2, 3], [6, 7]]}, ""expected_output"": 1}]"
529,Is Valid AVL Tree,"Given a binary tree represented by nested JSON objects, determine if it is a valid AVL tree. Return 1 if it is a valid AVL tree, and 0 otherwise. A valid AVL tree is a self-balancing binary search tree where the heights of the two child subtrees of any node differ by at most one.",Hard,2025-03-18T11:54:46.293128+00:00,2025-03-18T11:54:46.293128+00:00,"[{""input"": {""tree"": {""val"": 10, ""left"": {""val"": 5, ""left"": null, ""right"": null}, ""right"": {""val"": 15, ""left"": null, ""right"": null}}}, ""output"": 1}, {""input"": {""tree"": {""val"": 10, ""left"": {""val"": 5, ""left"": {""val"": 2, ""left"": null, ""right"": null}, ""right"": null}, ""right"": {""val"": 15, ""left"": null, ""right"": null}}}, ""output"": 0}]","[""The values in the tree are integers."", ""'left' and 'right' can be either null or another JSON object representing a node."", ""'val' is an integer."", ""The binary tree is represented using nested JSON objects with keys 'val', 'left', and 'right'.""]","[{""input"": {""tree"": {""val"": 10, ""left"": {""val"": 5, ""left"": null, ""right"": null}, ""right"": {""val"": 15, ""left"": null, ""right"": null}}}, ""expected_output"": 1}, {""input"": {""tree"": {""val"": 10, ""left"": {""val"": 5, ""left"": {""val"": 2, ""left"": null, ""right"": null}, ""right"": null}, ""right"": {""val"": 15, ""left"": null, ""right"": null}}}, ""expected_output"": 0}, {""input"": {""tree"": {""val"": 10, ""left"": {""val"": 5, ""left"": null, ""right"": null}, ""right"": {""val"": 15, ""left"": null, ""right"": {""val"": 20, ""left"": null, ""right"": null}}}}, ""expected_output"": 0}, {""input"": {""tree"": null}, ""expected_output"": 1}, {""input"": {""tree"": {""val"": 10, ""left"": null, ""right"": null}}, ""expected_output"": 1}]"
553,String Starts With Prefix,"Given a string and a prefix, return 1 if the string starts with the prefix, otherwise return 0.",Easy,2025-03-18T12:07:21.627529+00:00,2025-03-18T12:07:21.627529+00:00,"[{""input"": {""prefix"": ""Hello"", ""string"": ""HelloWorld""}, ""output"": 1}, {""input"": {""prefix"": ""Hello"", ""string"": ""GoodbyeWorld""}, ""output"": 0}]","[""string and prefix consist of alphanumeric characters"", ""1 \u2264 prefix.length \u2264 100"", ""1 \u2264 string.length \u2264 100""]","[{""input"": {""prefix"": ""Hello"", ""string"": ""HelloWorld""}, ""expected_output"": 1}, {""input"": {""prefix"": ""Hello"", ""string"": ""GoodbyeWorld""}, ""expected_output"": 0}, {""input"": {""prefix"": ""Prefix"", ""string"": ""PrefixString""}, ""expected_output"": 1}, {""input"": {""prefix"": ""Prefix"", ""string"": ""StringPrefix""}, ""expected_output"": 0}, {""input"": {""prefix"": ""abcd"", ""string"": ""abc""}, ""expected_output"": 0}]"
558,Prefix Sum Query,"Given an array of size n initialized with all zeros. You are given a list of indices (1-based) to update to 1. After performing all updates, determine if the prefix sum up to a given index k (1-based) is greater than 0. Return 1 if it is, otherwise return 0.",Easy,2025-03-18T12:09:12.163733+00:00,2025-03-18T12:09:12.163733+00:00,"[{""input"": {""k"": 3, ""n"": 5, ""updates"": [1, 3]}, ""output"": 1}, {""input"": {""k"": 2, ""n"": 5, ""updates"": [4]}, ""output"": 0}]","[""1 \u2264 k \u2264 n"", ""1 \u2264 updates[i] \u2264 n"", ""0 \u2264 updates.length \u2264 n"", ""1 \u2264 n \u2264 10^4""]","[{""input"": {""k"": 3, ""n"": 5, ""updates"": [1, 3]}, ""expected_output"": 1}, {""input"": {""k"": 2, ""n"": 5, ""updates"": [4]}, ""expected_output"": 0}, {""input"": {""k"": 4, ""n"": 5, ""updates"": []}, ""expected_output"": 0}, {""input"": {""k"": 7, ""n"": 10, ""updates"": [2, 5, 8, 10]}, ""expected_output"": 1}, {""input"": {""k"": 1, ""n"": 10, ""updates"": [2, 5, 8, 10]}, ""expected_output"": 0}]"
581,Substring Check,"Given two strings, `text` and `substring`, determine if `substring` is present within `text`. Return 1 if `substring` is found in `text`, and 0 otherwise.",Easy,2025-03-18T12:21:40.859437+00:00,2025-03-18T12:21:40.859437+00:00,"[{""input"": {""text"": ""hello world"", ""substring"": ""world""}, ""output"": 1}, {""input"": {""text"": ""programming"", ""substring"": ""gram""}, ""output"": 1}]","[""`text` and `substring` consist of lowercase English letters."", ""1 \u2264 length of `substring` \u2264 length of `text`"", ""1 \u2264 length of `text` \u2264 10^5""]","[{""input"": {""text"": ""example"", ""substring"": ""amp""}, ""expected_output"": 1}, {""input"": {""text"": ""testing"", ""substring"": ""test""}, ""expected_output"": 1}, {""input"": {""text"": ""algorithm"", ""substring"": ""rithm""}, ""expected_output"": 1}, {""input"": {""text"": ""coding"", ""substring"": ""code""}, ""expected_output"": 0}, {""input"": {""text"": ""banana"", ""substring"": ""nanan""}, ""expected_output"": 0}]"
585,Unique Elements,"Given an array of integers nums, return 1 if all elements in the array are unique, otherwise return 0.",Easy,2025-03-18T12:23:31.441533+00:00,2025-03-18T12:23:31.441533+00:00,"[{""input"": {""nums"": [1, 2, 3, 1]}, ""output"": 0}, {""input"": {""nums"": [1, 2, 3, 4]}, ""output"": 1}]","[""-10^9 \u2264 nums[i] \u2264 10^9"", ""1 \u2264 nums.length \u2264 10^5""]","[{""input"": {""nums"": [1, 2, 3, 4, 5]}, ""expected_output"": 1}, {""input"": {""nums"": [1, 1, 2, 3, 4]}, ""expected_output"": 0}, {""input"": {""nums"": [1, 2, 1, 2]}, ""expected_output"": 0}, {""input"": {""nums"": [5]}, ""expected_output"": 1}, {""input"": {""nums"": [-1, -2, -3, -1]}, ""expected_output"": 0}]"
590,Perfect Square Check (Binary Search),"Given a positive integer num, determine if it is a perfect square. Return 1 if num is a perfect square, otherwise return 0. You must use binary search to solve this problem.",Easy,2025-03-18T12:25:57.218734+00:00,2025-03-18T12:25:57.218734+00:00,"[{""input"": {""num"": 16}, ""output"": 1}, {""input"": {""num"": 14}, ""output"": 0}]","[""1 \u2264 num \u2264 10^9""]","[{""input"": {""num"": 28}, ""expected_output"": 0}, {""input"": {""num"": 16}, ""expected_output"": 1}, {""input"": {""num"": 14}, ""expected_output"": 0}, {""input"": {""num"": 1}, ""expected_output"": 1}, {""input"": {""num"": 25}, ""expected_output"": 1}]"
592,Equation Consistency,"You are given a list of equations of the form 'A == B' or 'A != B', where A and B are single-letter variables. Determine if the set of equations is consistent. Return 1 if consistent, and 0 if inconsistent.",Hard,2025-03-18T12:26:51.401573+00:00,2025-03-18T12:26:51.401573+00:00,"[{""input"": {""equations"": [""a==b"", ""b==c"", ""a!=c""]}, ""output"": 0}, {""input"": {""equations"": [""a==b"", ""b==c"", ""a==c""]}, ""output"": 1}]","[""Variables are lowercase English letters 'a' to 'z'"", ""1 \u2264 equations.length \u2264 100""]","[{""input"": {""equations"": [""a==b"", ""b==c"", ""a!=c""]}, ""expected_output"": 0}, {""input"": {""equations"": [""a==b"", ""b==c"", ""a==c""]}, ""expected_output"": 1}, {""input"": {""equations"": [""a!=b"", ""b!=c"", ""a!=c""]}, ""expected_output"": 1}, {""input"": {""equations"": [""a==b"", ""c==d"", ""a!=c"", ""b!=d""]}, ""expected_output"": 0}, {""input"": {""equations"": [""a==b"", ""c==d"", ""a!=c"", ""b!=e""]}, ""expected_output"": 1}, {""input"": {""equations"": [""a==a""]}, ""expected_output"": 1}, {""input"": {""equations"": [""a!=a""]}, ""expected_output"": 0}, {""input"": {""equations"": [""a==b"", ""b!=a""]}, ""expected_output"": 0}, {""input"": {""equations"": [""a!=b"", ""a==b""]}, ""expected_output"": 0}, {""input"": {""equations"": [""a==b"", ""b==c"", ""c==d"", ""d==e"", ""a!=e""]}, ""expected_output"": 0}]"
599,K-th Smallest Element in a Sorted Matrix,"Given an n x n matrix where each row and column is sorted in ascending order, find the k-th smallest element in the matrix.

Note that it is the k-th smallest element in the sorted order, not the k-th distinct element.",Hard,2025-03-18T12:31:30.136367+00:00,2025-03-18T12:31:30.136367+00:00,"[{""input"": {""k"": 8, ""matrix"": [[1, 5, 9], [10, 11, 13], [12, 13, 15]]}, ""output"": 13}, {""input"": {""k"": 3, ""matrix"": [[-5, -4], [-3, -2]]}, ""output"": -3}]","[""1 <= k <= n^2"", ""All the rows and columns of matrix are guaranteed to be sorted in non-decreasing order."", ""-10^9 <= matrix[i][j] <= 10^9"", ""1 <= n <= 300"", ""n == matrix.length == matrix[i].length""]","[{""input"": {""k"": 8, ""matrix"": [[1, 5, 9], [10, 11, 13], [12, 13, 15]]}, ""expected_output"": 13}, {""input"": {""k"": 3, ""matrix"": [[-5, -4], [-3, -2]]}, ""expected_output"": -3}, {""input"": {""k"": 2, ""matrix"": [[1, 2], [1, 3]]}, ""expected_output"": 1}, {""input"": {""k"": 5, ""matrix"": [[1, 1, 1], [1, 1, 1], [1, 1, 1]]}, ""expected_output"": 1}, {""input"": {""k"": 6, ""matrix"": [[10, 20, 30], [15, 25, 35], [20, 30, 40]]}, ""expected_output"": 25}]"
